edited_name,PrimaryTrebouxiophyceae
Acarospora_austroshetlandica,1
Acarospora_badiofusca,1
Acarospora_bullata,1
Acarospora_canadensis,1
Acarospora_cervina,1
Acarospora_clauzadeana,1
Acarospora_complanata,1
Acarospora_fulvoviridula,1
Acarospora_fuscata,1
Acarospora_hilaris,1
Acarospora_laqueata,1
Acarospora_moenium,1
Acarospora_molybdina,1
Acarospora_nitrophila,1
Acarospora_peliscypha,1
Acarospora_rosulata,1
Acarospora_rugulosa,1
Acarospora_scabrida,1
Acarospora_schleicheri,1
Acarospora_sinopica,1
Acarospora_smaragdula,1
Acarospora_socialis,1
Acarospora_strigata,1
Acarospora_thamnina,1
Glypholecia_scabra,1
Pleopsidium_chlorophanum,1
Pleopsidium_discurrens,1
Pleopsidium_flavum,1
Pleopsidium_gobiense,1
Polysporina_frigida,1
Polysporina_simplex,1
Sarcogyne_privigna,1
Sarcogyne_regularis,1
Timdalia_intricata,1
Fuscidea_cyathoides,1
Fuscidea_intercincta,1
Fuscidea_lightfootii,1
Fuscidea_lygaea,1
Fuscidea_mollis,1
Fuscidea_pusilla,1
Fuscidea_recensa,1
Maronea_chilensis,1
Maronea_constans,1
Bryobilimbia_australis,1
Bryobilimbia_diapensiae,1
Bryobilimbia_hypnorum,1
Bryobilimbia_sanguineoatra,1
Acroscyphus_sphaerophoroides,1
Amandinea_efflorescens,1
Amandinea_lignicola,1
Amandinea_petermannii,1
Amandinea_punctata,1
Australiaena_streimannii,1
Buellia_aethalea,1
Buellia_anisomera,1
Buellia_capitis_regum,1
Buellia_centralis,1
Buellia_dialyta,1
Buellia_dijiana,1
Buellia_disciformis,1
Buellia_dispersa,1
Buellia_elegans,1
Buellia_epigaea,1
Buellia_erubescens,1
Buellia_fimbriata,1
Buellia_frigida,1
Buellia_geophila,1
Buellia_georgei,1
Buellia_griseovirens,1
Buellia_insignis,1
Buellia_muriformis,1
Buellia_ocellata,1
Buellia_papillata,1
Buellia_penichra,1
Buellia_russa,1
Buellia_schaereri,1
Buellia_stillingiana,1
Buellia_subdisciformis,1
Buellia_submuriformis,1
Buellia_triphragmoides,1
Buellia_triseptata,1
Buellia_zoharyi,1
Calicium_abietinum,1
Calicium_adaequatum,1
Calicium_adspersum,1
Calicium_chlorosporum,1
Calicium_denigratum,1
Calicium_glaucellum,1
Calicium_hyperelloides,1
Calicium_montanum,1
Calicium_pinastri,1
Calicium_quercinum,1
Calicium_robustellum,1
Calicium_salicinum,1
Calicium_sequoiae,1
Calicium_trabinellum,1
Calicium_tricolor,1
Calicium_victorianum,1
Calicium_viride,1
Cyphelium_inquinans,1
Cyphelium_karelicum,1
Cyphelium_lucidum,1
Cyphelium_notarisii,1
Cyphelium_tigillare,1
Dermatiscum_thunbergii,1
Dimelaena_oreina,1
Dimelaena_radiata,1
Diploicia_canescens,1
Diploicia_subcanescens,1
Diplotomma_alboatrum,1
Diplotomma_epipolium,1
Diplotomma_pharcidium,1
Diplotomma_rivas_martinezii,1
Diplotomma_subdispersa,1
Diplotomma_venustum,1
Dirinaria_aegialita,1
Dirinaria_applanata,1
Dirinaria_confusa,1
Dirinaria_picta,1
Hafellia_dissa,1
Pyxine_albovirens,1
Pyxine_coccoes,1
Pyxine_consocians,1
Pyxine_copelandii,1
Pyxine_endochrysina,1
Pyxine_farinosa,1
Pyxine_limbulata,1
Pyxine_petricola,1
Pyxine_sorediata,1
Pyxine_subcinerea,1
Rinodina_cacuminum,1
Santessonia_namibensis,1
Santessonia_sorediata,1
Tetramelas_confusus,1
Tetramelas_phaeophysciae,1
Tetramelas_pulverulentus,1
Texosporium_sancti_jacobi,1
Thelomma_mammosum,1
Thelomma_ocellatum,1
Tholurna_dissimilis,1
Anaptychia_bryorum,1
Anaptychia_ciliaris,1
Anaptychia_crinalis,1
Anaptychia_desertorum,1
Anaptychia_elburziana,1
Anaptychia_isidiata,1
Anaptychia_palmatula,1
Anaptychia_runcinata,1
Anaptychia_ulotricoides,1
Buellia_lindingeri,1
Coscinocladium_gaditanum,1
Heterodermia_albicans,1
Heterodermia_appendiculata,1
Heterodermia_boryi,1
Heterodermia_casarettiana,1
Heterodermia_comosa,1
Heterodermia_diademata,1
Heterodermia_dissecta,1
Heterodermia_erinacea,1
Heterodermia_flabellata,1
Heterodermia_hypochraea,1
Heterodermia_hypoleuca,1
Heterodermia_isidiophora,1
Heterodermia_japonica,1
Heterodermia_lamelligera,1
Heterodermia_leucomelaena,1
Heterodermia_lutescens,1
Heterodermia_microphylla,1
Heterodermia_obscurata,1
Heterodermia_pellucida,1
Heterodermia_propagulifera,1
Heterodermia_pseudospeciosa,1
Heterodermia_speciosa,1
Heterodermia_subascendens,1
Heterodermia_vulgaris,1
Hyperphyscia_adglutinata,1
Mobergia_calculiformis,1
Phaeophyscia_adiastola,1
Phaeophyscia_ciliata,1
Phaeophyscia_constipata,1
Phaeophyscia_denigrata,1
Phaeophyscia_endococcina,1
Phaeophyscia_endophoenicea,1
Phaeophyscia_exornatula,1
Phaeophyscia_hirsuta,1
Phaeophyscia_hirtella,1
Phaeophyscia_hirtuosa,1
Phaeophyscia_hispidula,1
Phaeophyscia_imbricata,1
Phaeophyscia_insignis,1
Phaeophyscia_limbata,1
Phaeophyscia_melanchra,1
Phaeophyscia_nigricans,1
Phaeophyscia_orbicularis,1
Phaeophyscia_primaria,1
Phaeophyscia_pusilloides,1
Phaeophyscia_pyrrhophora,1
Phaeophyscia_sciastra,1
Phaeophyscia_squarrosa,1
Phaeorrhiza_nimbosa,1
Phaeorrhiza_sareptana,1
Physcia_adscendens,1
Physcia_aipolia,1
Physcia_alba,1
Physcia_albinea,1
Physcia_alnophila,1
Physcia_atrostriata,1
Physcia_austrostellaris,1
Physcia_biziana,1
Physcia_caesia,1
Physcia_dimidiata,1
Physcia_dubia,1
Physcia_erumpens,1
Physcia_integrata,1
Physcia_jackii,1
Physcia_kalbii,1
Physcia_krogiae,1
Physcia_leptalea,1
Physcia_magnussonii,1
Physcia_millegrana,1
Physcia_nubila,1
Physcia_orientalis,1
Physcia_phaea,1
Physcia_semipinnata,1
Physcia_sorediosa,1
Physcia_stellaris,1
Physcia_subalbinea,1
Physcia_tenella,1
Physcia_tribacia,1
Physcia_tropica,1
Physcia_undulata,1
Physciella_chloantha,1
Physconia_americana,1
Physconia_detersa,1
Physconia_distorta,1
Physconia_elegantula,1
Physconia_enteroxantha,1
Physconia_grisea,1
Physconia_grumosa,1
Physconia_isidiigera,1
Physconia_kurokawae,1
Physconia_leucoleiptes,1
Physconia_muscigena,1
Physconia_perisidiosa,1
Physconia_servitii,1
Physconia_subpulverulenta,1
Physconia_thorstenii,1
Physconia_venusta,1
Rinodina_alba,1
Rinodina_albana,1
Rinodina_atrocinerea,1
Rinodina_bischoffii,1
Rinodina_cacaotina,1
Rinodina_calcarea,1
Rinodina_candidogrisea,1
Rinodina_capensis,1
Rinodina_confragosa,1
Rinodina_exigua,1
Rinodina_gallowayi,1
Rinodina_gennarii,1
Rinodina_herteliana,1
Rinodina_immersa,1
Rinodina_interpolata,1
Rinodina_jamesii,1
Rinodina_lecanorina,1
Rinodina_lepida,1
Rinodina_luridata,1
Rinodina_luridescens,1
Rinodina_milvina,1
Rinodina_mniaraea,1
Rinodina_nimisii,1
Rinodina_obnascens,1
Rinodina_oleae,1
Rinodina_olivaceobrunnea,1
Rinodina_oxydata,1
Rinodina_plana,1
Rinodina_pyrina,1
Rinodina_reagens,1
Rinodina_sophodes,1
Rinodina_teichophila,1
Rinodina_tephraspis,1
Rinodina_tunicata,1
Rinodina_turfacea,1
Rinodina_zwackhiana,1
Rinodinella_controversa,1
Rinodinella_dubyanoides,1
Tornabea_scutellifera,1
Catillaria_chalybeia,1
Catinaria_atropurpurea,1
Clauzadea_monticola,1
Calycidium_cuneatum,1
Carbonicola_anthracophila,1
Hypocenomyce_castaneocinerea,1
Carassea_connexa,1
Cladia_aggregata,1
Cladia_corallaizon,1
Cladia_deformis,1
Cladia_dumicola,1
Cladia_ferdinandii,1
Cladia_fuliginosa,1
Cladia_inflata,1
Cladia_moniliformis,1
Cladia_retipora,1
Cladia_schizopora,1
Cladia_sullivanii,1
Cladonia_acuminata,1
Cladonia_ahtii,1
Cladonia_albofuscescens,1
Cladonia_amaurocraea,1
Cladonia_anaemica,1
Cladonia_andesita,1
Cladonia_apodocarpa,1
Cladonia_arbuscula,1
Cladonia_argentea,1
Cladonia_asahinae,1
Cladonia_atlantica,1
Cladonia_bacilliformis,1
Cladonia_bahiana,1
Cladonia_beaumontii,1
Cladonia_bellidiflora,1
Cladonia_borbonica,1
Cladonia_borealis,1
Cladonia_boryi,1
Cladonia_botrytes,1
Cladonia_caespiticia,1
Cladonia_callosa,1
Cladonia_calyciformis,1
Cladonia_capitellata,1
Cladonia_cariosa,1
Cladonia_carneola,1
Cladonia_caroliniana,1
Cladonia_cartilaginea,1
Cladonia_cenotea,1
Cladonia_ceratophylla,1
Cladonia_cervicornis,1
Cladonia_chlorophaea,1
Cladonia_clathrata,1
Cladonia_coccifera,1
Cladonia_confusa,1
Cladonia_coniocraea,1
Cladonia_conista,1
Cladonia_consimilis,1
Cladonia_convoluta,1
Cladonia_corallifera,1
Cladonia_corniculata,1
Cladonia_cornuta,1
Cladonia_corsicana,1
Cladonia_corymbescens,1
Cladonia_crinita,1
Cladonia_crispata,1
Cladonia_crispatula,1
Cladonia_cristatella,1
Cladonia_cyathomorpha,1
Cladonia_cylindrica,1
Cladonia_deformis,1
Cladonia_delavayi,1
Cladonia_dendroides,1
Cladonia_densissima,1
Cladonia_didyma,1
Cladonia_digitata,1
Cladonia_dimorphoclada,1
Cladonia_divaricata,1
Cladonia_diversa,1
Cladonia_ecmocyna,1
Cladonia_elixii,1
Cladonia_evansii,1
Cladonia_farinacea,1
Cladonia_fimbriata,1
Cladonia_firma,1
Cladonia_fissidens,1
Cladonia_fleigiae,1
Cladonia_floerkeana,1
Cladonia_foliacea,1
Cladonia_fruticulosa,1
Cladonia_furcata,1
Cladonia_furfuraceoides,1
Cladonia_glauca,1
Cladonia_gracilis,1
Cladonia_grayi,1
Cladonia_hedbergii,1
Cladonia_hians,1
Cladonia_homchantarae,1
Cladonia_humilis,1
Cladonia_hypomelaena,1
Cladonia_incrassata,1
Cladonia_innominata,1
Cladonia_kurokawae,1
Cladonia_laii,1
Cladonia_latiloba,1
Cladonia_lepidophora,1
Cladonia_leporina,1
Cladonia_lopezii,1
Cladonia_luteoalba,1
Cladonia_macilenta,1
Cladonia_macilentoides,1
Cladonia_macroceras,1
Cladonia_macrophylla,1
Cladonia_macrophyllodes,1
Cladonia_magyarica,1
Cladonia_marionii,1
Cladonia_mauritiana,1
Cladonia_maxima,1
Cladonia_merochlorophaea,1
Cladonia_metacorallifera,1
Cladonia_metaminiata,1
Cladonia_minarum,1
Cladonia_miniata,1
Cladonia_mitis,1
Cladonia_multiformis,1
Cladonia_nana,1
Cladonia_nashii,1
Cladonia_neozelandica,1
Cladonia_nipponica,1
Cladonia_novochlorophaea,1
Cladonia_ochrochlora,1
Cladonia_pachycladodes,1
Cladonia_parvipes,1
Cladonia_peltastica,1
Cladonia_perforata,1
Cladonia_pertricosa,1
Cladonia_petrophila,1
Cladonia_peziziformis,1
Cladonia_phyllophora,1
Cladonia_piedadensis,1
Cladonia_pityrophylla,1
Cladonia_pleurota,1
Cladonia_pocillum,1
Cladonia_polydactyla,1
Cladonia_polyscypha,1
Cladonia_polystomata,1
Cladonia_portentosa,1
Cladonia_prancei,1
Cladonia_prostrata,1
Cladonia_pulvinata,1
Cladonia_pulvinella,1
Cladonia_pycnoclada,1
Cladonia_pyxidata,1
Cladonia_rangiferina,1
Cladonia_rangiformis,1
Cladonia_rappii,1
Cladonia_ravenelii,1
Cladonia_recticaulis,1
Cladonia_rei,1
Cladonia_rigida,1
Cladonia_robbinsii,1
Cladonia_rotundata,1
Cladonia_rudis,1
Cladonia_rugulosa,1
Cladonia_salmonea,1
Cladonia_scabriuscula,1
Cladonia_secundana,1
Cladonia_signata,1
Cladonia_sinensis,1
Cladonia_singhii,1
Cladonia_solitaria,1
Cladonia_squamosa,1
Cladonia_squamosissima,1
Cladonia_staufferi,1
Cladonia_stellaris,1
Cladonia_stenroosiae,1
Cladonia_steyermarkii,1
Cladonia_stipitata,1
Cladonia_strepsilis,1
Cladonia_stygia,1
Cladonia_subcariosa,1
Cladonia_subcervicornis,1
Cladonia_subchordalis,1
Cladonia_subconistea,1
Cladonia_subfurcata,1
Cladonia_subreticulata,1
Cladonia_subsetacea,1
Cladonia_subsquamosa,1
Cladonia_substellata,1
Cladonia_subsubulata,1
Cladonia_subtenuis,1
Cladonia_subturgida,1
Cladonia_subulata,1
Cladonia_sulcata,1
Cladonia_sulphurina,1
Cladonia_symphycarpa,1
Cladonia_symphycarpia,1
Cladonia_terrae_novae,1
Cladonia_thomsonii,1
Cladonia_trapezuntica,1
Cladonia_turgida,1
Cladonia_ustulata,1
Cladonia_vareschii,1
Cladonia_variegata,1
Cladonia_verticillaris,1
Cladonia_verticillata,1
Cladonia_vulcani,1
Cladonia_vulcanica,1
Cladonia_wainioi,1
Cladonia_weymouthii,1
Cladonia_yunnana,1
Cladonia_zopfii,1
Gymnoderma_coccocarpum,1
Heterodea_beaugleholei,1
Heterodea_muelleri,1
Metus_conglomeratus,1
Pilophorus_acicularis,1
Pilophorus_cereolus,1
Pilophorus_robustus,1
Pilophorus_strumaticus,1
Pycnothelia_papillaria,1
Ramalea_cochleata,1
Ramalinora_glaucolivida,1
Thysanothecium_scutellatum,1
Gypsoplaca_macrophylla,1
Haematomma_accolens,1
Haematomma_erythromma,1
Haematomma_flexuosum,1
Haematomma_ochroleucum,1
Haematomma_stevensiae,1
Haematomma_sulphureum,1
Adelolecia_pilati,1
Arctopeltis_thuleana,1
Bryonora_castanea,1
Carbonea_supersparsa,1
Carbonea_vitellinaria,1
Carbonea_vorticosa,1
Frutidella_caesioatra,1
Japewia_subaurifera,1
Japewia_tornoensis,1
Lecanora_achariana,1
Lecanora_achroa,1
Lecanora_aitema,1
Lecanora_albescens,1
Lecanora_allophana,1
Lecanora_andrewii,1
Lecanora_anopta,1
Lecanora_argentata,1
Lecanora_argopholis,1
Lecanora_austrotropica,1
Lecanora_bicincta,1
Lecanora_bipruinosa,1
Lecanora_burgaziae,1
Lecanora_caesiorubella,1
Lecanora_californica,1
Lecanora_campestris,1
Lecanora_carpinea,1
Lecanora_cateilea,1
Lecanora_cenisia,1
Lecanora_chlarotera,1
Lecanora_chlorophaeodes,1
Lecanora_concolor,1
Lecanora_confusa,1
Lecanora_conizaeoides,1
Lecanora_contractula,1
Lecanora_crenulata,1
Lecanora_densa,1
Lecanora_dispersa,1
Lecanora_dispersoareolata,1
Lecanora_epibryon,1
Lecanora_expallens,1
Lecanora_farinacea,1
Lecanora_filamentosa,1
Lecanora_flavoleprosa,1
Lecanora_flavopallida,1
Lecanora_flotowiana,1
Lecanora_fuscescens,1
Lecanora_fuscobrunnea,1
Lecanora_gangaleoides,1
Lecanora_garovaglii,1
Lecanora_glabrata,1
Lecanora_hagenii,1
Lecanora_helva,1
Lecanora_horiza,1
Lecanora_hybocarpa,1
Lecanora_hyperboreorum,1
Lecanora_imshaugii,1
Lecanora_intricata,1
Lecanora_intumescens,1
Lecanora_laxa,1
Lecanora_leproplaca,1
Lecanora_leprosa,1
Lecanora_leptyrodes,1
Lecanora_lividocinerea,1
Lecanora_lojkaeana,1
Lecanora_macrocyclos,1
Lecanora_muralis,1
Lecanora_nashii,1
Lecanora_nothocaesiella,1
Lecanora_novomexicana,1
Lecanora_opiniconensis,1
Lecanora_orosthea,1
Lecanora_pacifica,1
Lecanora_paramerae,1
Lecanora_perpruinosa,1
Lecanora_phaedrophthalma,1
Lecanora_phaeocardia,1
Lecanora_phryganitis,1
Lecanora_plumosa,1
Lecanora_polytropa,1
Lecanora_populicola,1
Lecanora_pringlei,1
Lecanora_pruinosa,1
Lecanora_pulicaris,1
Lecanora_queenslandica,1
Lecanora_reuteri,1
Lecanora_rugosella,1
Lecanora_rupicola,1
Lecanora_saligna,1
Lecanora_schizochromatica,1
Lecanora_semipallida,1
Lecanora_sorediomarginata,1
Lecanora_straminea,1
Lecanora_subcarnea,1
Lecanora_subcarpinea,1
Lecanora_subimmergens,1
Lecanora_subimmersa,1
Lecanora_subintricata,1
Lecanora_subrugosa,1
Lecanora_sulphurea,1
Lecanora_swartzii,1
Lecanora_symmicta,1
Lecanora_thysanophora,1
Lecanora_toroyensis,1
Lecanora_tropica,1
Lecanora_ulrikii,1
Lecanora_vainioi,1
Lecanora_valesiaca,1
Lecanora_varia,1
Lecanora_wilsonii,1
Lecidea_hercynica,1
Lecidea_leprarioides,1
Lecidea_polytrichina,1
Lecidea_pullata,1
Lecidea_turgidula,1
Lecidella_carpathica,1
Lecidella_elaeochroma,1
Lecidella_euphorea,1
Lecidella_flavosorediata,1
Lecidella_greenii,1
Lecidella_meiococca,1
Lecidella_patavina,1
Lecidella_siplei,1
Lecidella_stigmatea,1
Lecidella_wulfenii,1
Lepraria_flavescens,1
Rhizoplaca_aspidophora,1
Rhizoplaca_bullata,1
Rhizoplaca_chrysoleuca,1
Rhizoplaca_haydenii,1
Rhizoplaca_huashanensis,1
Rhizoplaca_idahoensis,1
Rhizoplaca_macleanii,1
Rhizoplaca_melanophthalma,1
Rhizoplaca_occulta,1
Rhizoplaca_parilis,1
Rhizoplaca_peltata,1
Rhizoplaca_polymorpha,1
Rhizoplaca_porterii,1
Rhizoplaca_shushanii,1
Rhizoplaca_subdiscrepans,1
Lecidea_hypopta,1
Lecidea_nylanderi,1
Lecidea_roseotincta,1
Lecidea_rubrocastanea,1
Lecidea_cyrtidia,1
Lecidea_floridensis,1
Malmidea_aurigera,1
Malmidea_bakeri,1
Malmidea_chrysostigma,1
Malmidea_coralliformis,1
Malmidea_eeuuae,1
Malmidea_inflata,1
Malmidea_perplexa,1
Malmidea_piperis,1
Malmidea_rhodopsis,1
Malmidea_subaurigera,1
Malmidea_variabilis,1
Savoronala_madagascariensis,1
Miriquidica_complanata,1
Miriquidica_garovaglii,1
Miriquidica_instrata,1
Miriquidica_leucophaea,1
Calvitimela_armeniaca,1
Calvitimela_melaleuca,1
Lecidea_aglaea,1
Mycoblastus_affinis,1
Mycoblastus_alpinus,1
Mycoblastus_fucatus,1
Mycoblastus_glabrescens,1
Mycoblastus_japonicus,1
Mycoblastus_sanguinarioides,1
Mycoblastus_sanguinarius,1
Tephromela_atra,1
Tephromela_grumosa,1
Tephromela_pertusarioides,1
Violella_fucata,1
Violella_wangii,1
Alectoria_imshaugii,1
Alectoria_ochroleuca,1
Alectoria_sarmentosa,1
Alectoria_vancouverensis,1
Allantoparmelia_alpicola,1
Anzia_colpodes,1
Anzia_colpota,1
Anzia_flavotenuis,1
Anzia_formosana,1
Anzia_hypoleucoides,1
Anzia_mahaeliyensis,1
Anzia_opuntiella,1
Arctoparmelia_centrifuga,1
Asahinea_chrysantha,1
Brodoa_atrofusca,1
Brodoa_intestiniformis,1
Brodoa_oroarctica,1
Bryocaulon_divergens,1
Bryoria_americana,1
Bryoria_bicolor,1
Bryoria_capillaris,1
Bryoria_confusa,1
Bryoria_divergescens,1
Bryoria_fastigiata,1
Bryoria_fremontii,1
Bryoria_furcellata,1
Bryoria_fuscescens,1
Bryoria_glabra,1
Bryoria_hengduanensis,1
Bryoria_implexa,1
Bryoria_indonesica,1
Bryoria_lactinea,1
Bryoria_lanestris,1
Bryoria_nadvornikiana,1
Bryoria_nitidula,1
Bryoria_perspinosa,1
Bryoria_poeltii,1
Bryoria_rigida,1
Bryoria_simplicior,1
Bryoria_smithii,1
Bryoria_subcana,1
Bryoria_tenuis,1
Bryoria_tortuosa,1
Bryoria_trichodes,1
Bryoria_variabilis,1
Cavernularia_hultenii,1
Cavernularia_lophyrea,1
Ahtiana_aurescens,1
Ahtiana_pallidula,1
Ahtiana_sphaerosporella,1
Allocetraria_ambigua,1
Allocetraria_flavonigrescens,1
Allocetraria_globulans,1
Allocetraria_madreporiformis,1
Allocetraria_sinensis,1
Allocetraria_stracheyi,1
Arctocetraria_andrejevii,1
Arctocetraria_nigricascens,1
Cetraria_aculeata,1
Cetraria_annae,1
Cetraria_arenaria,1
Cetraria_australiensis,1
Cetraria_crespoae,1
Cetraria_ericetorum,1
Cetraria_islandica,1
Cetraria_kamtczatica,1
Cetraria_laevigata,1
Cetraria_muricata,1
Cetraria_nigricans,1
Cetraria_obtusata,1
Cetraria_odontella,1
Cetraria_sepincola,1
Cetrariella_commixta,1
Cetrariella_delisei,1
Cetrariella_fastigiata,1
Cetreliopsis_asahinae,1
Cetreliopsis_laeteflava,1
Cetreliopsis_rhytidocarpa,1
Dactylina_arctica,1
Esslingeriana_idahoensis,1
Flavocetraria_cucullata,1
Flavocetraria_minuscula,1
Flavocetraria_nivalis,1
Kaernefeltia_californica,1
Kaernefeltia_merrillii,1
Masonhalea_inermis,1
Masonhalea_richardsonii,1
Melanelia_hepatizon,1
Melanelia_sorediella,1
Melanelia_stygia,1
Nephromopsis_ahtii,1
Nephromopsis_komarovii,1
Nephromopsis_laureri,1
Nephromopsis_leucostigma,1
Nephromopsis_melaloma,1
Nephromopsis_morrisonicola,1
Nephromopsis_nephromoides,1
Nephromopsis_ornata,1
Nephromopsis_pallescens,1
Nephromopsis_pseudocomplicata,1
Nephromopsis_stracheyi,1
Tuckermanella_coralligera,1
Tuckermanella_fendleri,1
Tuckermanella_weberi,1
Tuckermannopsis_americana,1
Tuckermannopsis_chlorophylla,1
Tuckermannopsis_ciliaris,1
Tuckermannopsis_orbata,1
Tuckermannopsis_platyphylla,1
Tuckermannopsis_subalpina,1
Usnocetraria_oakesiana,1
Vulpicida_canadensis,1
Vulpicida_juniperinus,1
Vulpicida_pinastri,1
Vulpicida_tilesii,1
Vulpicida_tubulosus,1
Vulpicida_viridis,1
Coelopogon_abraxas,1
Coelopogon_epiphorellus,1
Cornicularia_normoerica,1
Evernia_divaricata,1
Evernia_esorediosa,1
Evernia_mesomorpha,1
Evernia_prunastri,1
Everniopsis_trulla,1
Gowardia_arctica,1
Gowardia_nigricans,1
Himantormia_deusta,1
Himantormia_lugubris,1
Hypogymnia_antarctica,1
Hypogymnia_apinnata,1
Hypogymnia_austerodes,1
Hypogymnia_duplicata,1
Hypogymnia_enteromorpha,1
Hypogymnia_farinacea,1
Hypogymnia_flavida,1
Hypogymnia_fujisanensis,1
Hypogymnia_gracilis,1
Hypogymnia_hypotrypa,1
Hypogymnia_imshaugii,1
Hypogymnia_inactiva,1
Hypogymnia_incurvoides,1
Hypogymnia_krogiae,1
Hypogymnia_lugubris,1
Hypogymnia_macrospora,1
Hypogymnia_metaphysodes,1
Hypogymnia_minilobata,1
Hypogymnia_mollis,1
Hypogymnia_occidentalis,1
Hypogymnia_physodes,1
Hypogymnia_pruinosa,1
Hypogymnia_pulverata,1
Hypogymnia_subduplicata,1
Hypogymnia_subphysodes,1
Hypogymnia_tubulosa,1
Hypogymnia_vittata,1
Imshaugia_aleurites,1
Letharia_columbiana,1
Letharia_vulpina,1
Lethariella_canariensis,1
Lethariella_cashmeriana,1
Lethariella_sernanderi,1
Lethariella_togashii,1
Menegazzia_confusa,1
Menegazzia_myriotrema,1
Menegazzia_subsimilis,1
Menegazzia_terebrata,1
Nodobryoria_abbreviata,1
Nodobryoria_oregana,1
Omphalodium_pisacomense,1
Omphalora_arizonica,1
Oropogon_americanus,1
Oropogon_atranorinus,1
Oropogon_bicolor,1
Oropogon_caespitosus,1
Oropogon_colibor,1
Oropogon_granulosus,1
Oropogon_lopezii,1
Oropogon_lorobic,1
Oropogon_loxensis,1
Oropogon_mexicanus,1
Oropogon_sperlingii,1
Pannoparmelia_angustata,1
Almbornia_azaniensis,1
Almbornia_cafferensis,1
Austroparmelina_conlabrosa,1
Austroparmelina_endoleuca,1
Austroparmelina_labrosa,1
Austroparmelina_macrospora,1
Austroparmelina_pruinata,1
Austroparmelina_pseudorelicina,1
Bulbothrix_apophysata,1
Bulbothrix_coronata,1
Bulbothrix_decurtata,1
Bulbothrix_goebelii,1
Bulbothrix_hypocraea,1
Bulbothrix_isidiza,1
Bulbothrix_laevigatula,1
Bulbothrix_meizospora,1
Bulbothrix_sensibilis,1
Bulbothrix_setschwanensis,1
Bulbothrix_suffixa,1
Bulbothrix_tabacina,1
Canoparmelia_carneopruinata,1
Canoparmelia_caroliniana,1
Canoparmelia_concrescens,1
Canoparmelia_crozalsiana,1
Canoparmelia_ecaperata,1
Canoparmelia_inhaminensis,1
Canoparmelia_nairobiensis,1
Canoparmelia_schelpei,1
Canoparmelia_texana,1
Cetrariastrum_andense,1
Cetrariastrum_dubitans,1
Cetrariastrum_ecuadoriense,1
Cetrelia_braunsiana,1
Cetrelia_cetrarioides,1
Cetrelia_chicitae,1
Cetrelia_japonica,1
Cetrelia_olivetorum,1
Cetrelia_pseudolivetorum,1
Emodomelanelia_masonii,1
Everniastrum_americanum,1
Everniastrum_catawbiense,1
Everniastrum_cirrhatum,1
Everniastrum_lipidiferum,1
Everniastrum_nepalense,1
Everniastrum_rhizodendroideum,1
Everniastrum_sorocheilum,1
Everniastrum_vexans,1
Flavoparmelia_baltimorensis,1
Flavoparmelia_caperata,1
Flavoparmelia_citrinescens,1
Flavoparmelia_euplecta,1
Flavoparmelia_ferax,1
Flavoparmelia_haysomii,1
Flavoparmelia_haywardiana,1
Flavoparmelia_marchantii,1
Flavoparmelia_papillosa,1
Flavoparmelia_rutidota,1
Flavoparmelia_secalonica,1
Flavoparmelia_soredians,1
Flavoparmelia_springtonensis,1
Flavoparmelia_subambigua,1
Flavopunctelia_borrerioides,1
Flavopunctelia_flaventior,1
Flavopunctelia_soredica,1
Hypotrachyna_adducta,1
Hypotrachyna_afrorevoluta,1
Hypotrachyna_booralensis,1
Hypotrachyna_brasiliana,1
Hypotrachyna_britannica,1
Hypotrachyna_caraccensis,1
Hypotrachyna_ciliata,1
Hypotrachyna_dactylifera,1
Hypotrachyna_degelii,1
Hypotrachyna_endochlora,1
Hypotrachyna_exsecta,1
Hypotrachyna_fissicarpa,1
Hypotrachyna_flexilis,1
Hypotrachyna_imbricatula,1
Hypotrachyna_immaculata,1
Hypotrachyna_koyaensis,1
Hypotrachyna_laevigata,1
Hypotrachyna_leiophylla,1
Hypotrachyna_livida,1
Hypotrachyna_neodissecta,1
Hypotrachyna_osseoalba,1
Hypotrachyna_physcioides,1
Hypotrachyna_polydactyla,1
Hypotrachyna_pseudosinuosa,1
Hypotrachyna_radiculata,1
Hypotrachyna_reducens,1
Hypotrachyna_revoluta,1
Hypotrachyna_rockii,1
Hypotrachyna_showmanii,1
Hypotrachyna_sinuosa,1
Hypotrachyna_taylorensis,1
Karoowia_adhaerens,1
Karoowia_perspersa,1
Karoowia_ralla,1
Karoowia_scitula,1
Melanelixia_albertana,1
Melanelixia_californica,1
Melanelixia_calva,1
Melanelixia_fuliginosa,1
Melanelixia_glabra,1
Melanelixia_glabratuloides,1
Melanelixia_glabroides,1
Melanelixia_piliferella,1
Melanelixia_subargentifera,1
Melanelixia_subaurifera,1
Melanelixia_subglabra,1
Melanelixia_villosella,1
Melanohalea_elegantula,1
Melanohalea_exasperata,1
Melanohalea_exasperatula,1
Melanohalea_gomukhensis,1
Melanohalea_halei,1
Melanohalea_infumata,1
Melanohalea_laciniatula,1
Melanohalea_lobulata,1
Melanohalea_multispora,1
Melanohalea_olivacea,1
Melanohalea_poeltii,1
Melanohalea_septentrionalis,1
Melanohalea_subelegantula,1
Melanohalea_subexasperata,1
Melanohalea_subolivacea,1
Melanohalea_trabeculata,1
Montanelia_disjuncta,1
Montanelia_panniformis,1
Montanelia_sorediata,1
Montanelia_tominii,1
Myelochroa_aurulenta,1
Myelochroa_entotheiochroa,1
Myelochroa_galbina,1
Myelochroa_indica,1
Myelochroa_irrugans,1
Myelochroa_metarevoluta,1
Namakwa_exornata,1
Nesolechia_oxyspora,1
Nipponoparmelia_laevior,1
Nipponoparmelia_ricasolioides,1
Parmelaria_subthomsonii,1
Parmelia_adaugescens,1
Parmelia_barrenoae,1
Parmelia_cochleata,1
Parmelia_crambidiocarpa,1
Parmelia_cunninghamii,1
Parmelia_discordans,1
Parmelia_encryptata,1
Parmelia_ernstiae,1
Parmelia_erumpens,1
Parmelia_fertilis,1
Parmelia_lindmanii,1
Parmelia_mayi,1
Parmelia_omphalodes,1
Parmelia_pinnatifida,1
Parmelia_pseudolaevior,1
Parmelia_pseudotenuirima,1
Parmelia_saxatilis,1
Parmelia_serrana,1
Parmelia_signifera,1
Parmelia_skultii,1
Parmelia_squarrosa,1
Parmelia_submontana,1
Parmelia_subtestacea,1
Parmelia_sulcata,1
Parmelia_tenuirima,1
Parmelina_atricha,1
Parmelina_carporrhizans,1
Parmelina_coleae,1
Parmelina_cryptotiliacea,1
Parmelina_pastillifera,1
Parmelina_quercina,1
Parmelina_tiliacea,1
Parmelinella_wallichiana,1
Parmelinopsis_cryptochlora,1
Parmelinopsis_horrescens,1
Parmelinopsis_minarum,1
Parmelinopsis_neodamaziana,1
Parmelinopsis_subfatiscens,1
Parmelinopsis_swinscowii,1
Parmeliopsis_ambigua,1
Parmeliopsis_hyperopta,1
Parmotrema_andinum,1
Parmotrema_austrosinense,1
Parmotrema_cetratum,1
Parmotrema_clavuliferum,1
Parmotrema_consors,1
Parmotrema_crinitum,1
Parmotrema_endosulphureum,1
Parmotrema_fistulatum,1
Parmotrema_haitiense,1
Parmotrema_hypoleucinum,1
Parmotrema_internexum,1
Parmotrema_margaritatum,1
Parmotrema_nilgherrense,1
Parmotrema_norsticticatum,1
Parmotrema_perforatum,1
Parmotrema_perlatum,1
Parmotrema_pilosum,1
Parmotrema_praesorediosum,1
Parmotrema_pseudoreticulatum,1
Parmotrema_pseudotinctorum,1
Parmotrema_reticulatum,1
Parmotrema_robustum,1
Parmotrema_subcaperatum,1
Parmotrema_subtinctorium,1
Parmotrema_tinctorum,1
Parmotrema_xanthinum,1
Pleurosticta_acetabulum,1
Punctelia_borreri,1
Punctelia_caseana,1
Punctelia_hypoleucites,1
Punctelia_jeckeri,1
Punctelia_missouriensis,1
Punctelia_perreticulata,1
Punctelia_pseudocoralloidea,1
Punctelia_reddenda,1
Punctelia_rudecta,1
Punctelia_stictica,1
Punctelia_subflava,1
Punctelia_subpraesignis,1
Punctelia_subrudecta,1
Punctelia_ulophylla,1
Relicina_abstrusa,1
Relicina_subnigra,1
Relicina_sydneyensis,1
Relicinopsis_intertexta,1
Relicinopsis_malaccensis,1
Remototrachyna_awasthii,1
Remototrachyna_costaricensis,1
Remototrachyna_crenata,1
Remototrachyna_dodapetta,1
Remototrachyna_incognita,1
Remototrachyna_infirma,1
Remototrachyna_kingii,1
Remototrachyna_rhabdiformis,1
Remototrachyna_scytophylla,1
Xanthomaculina_hottentotta,1
Xanthoparmelia_aliphaticella,1
Xanthoparmelia_amplexula,1
Xanthoparmelia_angustiphylla,1
Xanthoparmelia_atroviridis,1
Xanthoparmelia_atticoides,1
Xanthoparmelia_bibax,1
Xanthoparmelia_brachinaensis,1
Xanthoparmelia_californica,1
Xanthoparmelia_caliginosa,1
Xanthoparmelia_camtschadalis,1
Xanthoparmelia_chalybaeizans,1
Xanthoparmelia_chlorea,1
Xanthoparmelia_chlorochroa,1
Xanthoparmelia_coloradoensis,1
Xanthoparmelia_competita,1
Xanthoparmelia_condyloides,1
Xanthoparmelia_conspersa,1
Xanthoparmelia_convolutella,1
Xanthoparmelia_cordillerana,1
Xanthoparmelia_crespoae,1
Xanthoparmelia_cumberlandia,1
Xanthoparmelia_dayiana,1
Xanthoparmelia_delisei,1
Xanthoparmelia_dierythra,1
Xanthoparmelia_digitiformis,1
Xanthoparmelia_fissurina,1
Xanthoparmelia_flindersiana,1
Xanthoparmelia_fumigata,1
Xanthoparmelia_glabrans,1
Xanthoparmelia_greytonensis,1
Xanthoparmelia_hueana,1
Xanthoparmelia_hypofusca,1
Xanthoparmelia_hypoleiella,1
Xanthoparmelia_hypoprotocetrarica,1
Xanthoparmelia_ianthina,1
Xanthoparmelia_idahoensis,1
Xanthoparmelia_imitatrix,1
Xanthoparmelia_incrustata,1
Xanthoparmelia_isidiigera,1
Xanthoparmelia_isidiovagans,1
Xanthoparmelia_lavicola,1
Xanthoparmelia_lineella,1
Xanthoparmelia_lineola,1
Xanthoparmelia_lipochlorochroa,1
Xanthoparmelia_lithophila,1
Xanthoparmelia_lithophiloides,1
Xanthoparmelia_loxodes,1
Xanthoparmelia_luteonotata,1
Xanthoparmelia_mexicana,1
Xanthoparmelia_mougeotii,1
Xanthoparmelia_murina,1
Xanthoparmelia_neochlorochroa,1
Xanthoparmelia_neopropaguloides,1
Xanthoparmelia_neoquintaria,1
Xanthoparmelia_neorimalis,1
Xanthoparmelia_neotinctina,1
Xanthoparmelia_neotumidosa,1
Xanthoparmelia_neowyomingica,1
Xanthoparmelia_norcapnodes,1
Xanthoparmelia_norchlorochroa,1
Xanthoparmelia_notata,1
Xanthoparmelia_ovealmbornii,1
Xanthoparmelia_patagonica,1
Xanthoparmelia_perezdepazii,1
Xanthoparmelia_perfissa,1
Xanthoparmelia_perrugata,1
Xanthoparmelia_pertinax,1
Xanthoparmelia_plittii,1
Xanthoparmelia_pokornyi,1
Xanthoparmelia_protomatrae,1
Xanthoparmelia_pseudoglabrans,1
Xanthoparmelia_psoromifera,1
Xanthoparmelia_pulla,1
Xanthoparmelia_pulloides,1
Xanthoparmelia_pulvinaris,1
Xanthoparmelia_quintarioides,1
Xanthoparmelia_reptans,1
Xanthoparmelia_ryssolea,1
Xanthoparmelia_saxeti,1
Xanthoparmelia_scotophylla,1
Xanthoparmelia_semiviridis,1
Xanthoparmelia_sigillata,1
Xanthoparmelia_squamans,1
Xanthoparmelia_stenophylla,1
Xanthoparmelia_subamplexuloides,1
Xanthoparmelia_subchalybaeizans,1
Xanthoparmelia_subcrustacea,1
Xanthoparmelia_subdiffluens,1
Xanthoparmelia_subdomokosii,1
Xanthoparmelia_subhosseana,1
Xanthoparmelia_subimitatrix,1
Xanthoparmelia_subincerta,1
Xanthoparmelia_sublaevis,1
Xanthoparmelia_subprolixa,1
Xanthoparmelia_subspodochroa,1
Xanthoparmelia_substrigosa,1
Xanthoparmelia_subverrucigera,1
Xanthoparmelia_tasmanica,1
Xanthoparmelia_tegeta,1
Xanthoparmelia_tentaculina,1
Xanthoparmelia_tinctina,1
Xanthoparmelia_tortula,1
Xanthoparmelia_torulosa,1
Xanthoparmelia_transvaalensis,1
Xanthoparmelia_tzaneenensis,1
Xanthoparmelia_vagans,1
Xanthoparmelia_verisidiosa,1
Xanthoparmelia_verrucella,1
Xanthoparmelia_verrucigera,1
Xanthoparmelia_verruculifera,1
Xanthoparmelia_versicolor,1
Xanthoparmelia_vicentei,1
Xanthoparmelia_viriduloumbrina,1
Xanthoparmelia_wyomingica,1
Xanthoparmelia_xanthomelaena,1
Phacopsis_huuskonenii,1
Phacopsis_vulpina,1
Platismatia_erosa,1
Platismatia_glauca,1
Platismatia_herrei,1
Platismatia_norvegica,1
Platismatia_stenophylla,1
Platismatia_tuckermanii,1
Protoparmelia_badia,1
Protoparmelia_montagnei,1
Protoparmelia_ochrococca,1
Protoparmelia_picea,1
Protoparmelia_psarophana,1
Protousnea_magellanica,1
Pseudephebe_minuscula,1
Pseudephebe_pubescens,1
Pseudevernia_cladonia,1
Pseudevernia_consocians,1
Pseudevernia_furfuracea,1
Pseudevernia_intensa,1
Psiloparmelia_denotata,1
Psiloparmelia_distincta,1
Sulcaria_isidiifera,1
Sulcaria_sulcata,1
Sulcaria_virens,1
Usnea_acanthella,1
Usnea_aciculifera,1
Usnea_acromelana,1
Usnea_angulata,1
Usnea_antarctica,1
Usnea_arizonica,1
Usnea_articulata,1
Usnea_aurantiacoatra,1
Usnea_baileyi,1
Usnea_barbata,1
Usnea_bismolliuscula,1
Usnea_brasiliensis,1
Usnea_ceratina,1
Usnea_chaetophora,1
Usnea_ciliata,1
Usnea_cornuta,1
Usnea_crocata,1
Usnea_dasaea,1
Usnea_diffracta,1
Usnea_diplotypa,1
Usnea_durietzii,1
Usnea_erinacea,1
Usnea_esperantiana,1
Usnea_filipendula,1
Usnea_flammea,1
Usnea_flavocardia,1
Usnea_florida,1
Usnea_fragilescens,1
Usnea_fulvoreagens,1
Usnea_glabrata,1
Usnea_glabrescens,1
Usnea_himalayana,1
Usnea_hirta,1
Usnea_intermedia,1
Usnea_intumescens,1
Usnea_lambii,1
Usnea_lapponica,1
Usnea_longissima,1
Usnea_malmei,1
Usnea_merrillii,1
Usnea_mutabilis,1
Usnea_nidifica,1
Usnea_nipparensis,1
Usnea_orientalis,1
Usnea_pangiana,1
Usnea_patagonica,1
Usnea_pectinata,1
Usnea_perhispidella,1
Usnea_perpusilla,1
Usnea_pygmoidea,1
Usnea_rigida,1
Usnea_rubicunda,1
Usnea_rubricornuta,1
Usnea_rubrotincta,1
Usnea_silesiaca,1
Usnea_sphacelata,1
Usnea_steineri,1
Usnea_strigosa,1
Usnea_subantarctica,1
Usnea_subcapillaris,1
Usnea_subcornuta,1
Usnea_subdasaea,1
Usnea_subfloridana,1
Usnea_subrubicunda,1
Usnea_substerilis,1
Usnea_trachycarpa,1
Usnea_trichodeoides,1
Usnea_ushuaiensis,1
Usnea_wasmuthii,1
Bacidia_trachona,1
Bapalmuia_palmularis,1
Byssolecania_variabilis,1
Byssoloma_leucoblepharum,1
Byssoloma_marginatum,1
Byssoloma_meadii,1
Byssoloma_subdiscordans,1
Calopadia_foliicola,1
Calopadia_lecanorella,1
Calopadia_subcoerulescens,1
Catillaria_contristans,1
Fellhanera_bouteillei,1
Fellhanera_subtilis,1
Fellhanera_viridisorediata,1
Fellhaneropsis_myrtillicola,1
Fellhaneropsis_vezdae,1
Lasioloma_arachnoideum,1
Micarea_adnata,1
Micarea_alabastrites,1
Micarea_assimilata,1
Micarea_botryoides,1
Micarea_byssacea,1
Micarea_cinerea,1
Micarea_clavopycnidiata,1
Micarea_coppinsii,1
Micarea_deminuta,1
Micarea_denigrata,1
Micarea_doliiformis,1
Micarea_elachista,1
Micarea_erratica,1
Micarea_eximia,1
Micarea_flagellispora,1
Micarea_hedlundii,1
Micarea_lapillicola,1
Micarea_leprosula,1
Micarea_lignaria,1
Micarea_lithinella,1
Micarea_lynceola,1
Micarea_magellanica,1
Micarea_marginata,1
Micarea_melaena,1
Micarea_micrococca,1
Micarea_misella,1
Micarea_myriocarpa,1
Micarea_nigella,1
Micarea_nitschkeana,1
Micarea_nowakii,1
Micarea_paratropa,1
Micarea_peliocarpa,1
Micarea_prasina,1
Micarea_prasinella,1
Micarea_pycnidiophora,1
Micarea_stipitata,1
Micarea_subnigrata,1
Micarea_subviridescens,1
Micarea_synotheoides,1
Micarea_tomentosa,1
Micarea_turfosa,1
Micarea_viridileprosa,1
Micarea_xanthonica,1
Nelsenium_usnicum,1
Schadonia_fecunda,1
Sporopodium_antoninianum,1
Szczawinskia_leucopoda,1
Szczawinskia_tsugae,1
Protomicarea_limosa,1
Protoparmelia_atriseda,1
Protoparmelia_cupreobadia,1
Protoparmelia_phaeonesos,1
Psilolechia_clavulifera,1
Psilolechia_leprosa,1
Psilolechia_lucida,1
Micarea_bauschiana,1
Micarea_lutulata,1
Micarea_sylvicola,1
Micarea_tuberculata,1
Protoblastenia_aurata,1
Protoblastenia_calva,1
Protoblastenia_calvella,1
Protoblastenia_cyclospora,1
Protoblastenia_incrustans,1
Protoblastenia_laeta,1
Protoblastenia_lilacina,1
Protoblastenia_rupestris,1
Protoblastenia_siebenhaariana,1
Protoblastenia_terricola,1
Psora_brunneocarpa,1
Psora_californica,1
Psora_cerebriformis,1
Psora_crenata,1
Psora_decipiens,1
Psora_globifera,1
Psora_himalayana,1
Psora_hyporubescens,1
Psora_indigirkae,1
Psora_nipponica,1
Psora_nitida,1
Psora_pacifica,1
Psora_peninsularis,1
Psora_pruinosa,1
Psora_rubiformis,1
Psora_russellii,1
Psora_tenuifolia,1
Psora_testacea,1
Psora_tuckermanii,1
Psora_vallesiaca,1
Psorula_rufonigra,1
Puttea_margaritella,1
Arthrosporum_populorum,1
Bacidia_absistens,1
Bacidia_arceutina,1
Bacidia_auerswaldii,1
Bacidia_bagliettoana,1
Bacidia_biatorina,1
Bacidia_caligans,1
Bacidia_circumspecta,1
Bacidia_diffracta,1
Bacidia_fraxinea,1
Bacidia_fuscoviridis,1
Bacidia_hemipolia,1
Bacidia_hostheleoides,1
Bacidia_lutescens,1
Bacidia_medialis,1
Bacidia_polychroa,1
Bacidia_rosella,1
Bacidia_rubella,1
Bacidia_schweinitzii,1
Bacidia_scopulicola,1
Bacidia_sipmanii,1
Bacidia_subincompta,1
Bacidia_suffusa,1
Bacidia_vermifera,1
Bacidina_adastra,1
Bacidina_arnoldiana,1
Bacidina_chloroticula,1
Bacidina_delicata,1
Bacidina_egenula,1
Bacidina_flavoleprosa,1
Bacidina_neosquamulosa,1
Bacidina_phacodes,1
Bacidina_ramea,1
Bacidina_sulphurella,1
Biatora_beckhausii,1
Biatora_britannica,1
Biatora_carneoalbida,1
Biatora_chrysantha,1
Biatora_efflorescens,1
Biatora_fallax,1
Biatora_globulosa,1
Biatora_helvola,1
Biatora_hertelii,1
Biatora_hypophaea,1
Biatora_ligni_mollis,1
Biatora_meiocarpa,1
Biatora_ocelliformis,1
Biatora_pallens,1
Biatora_pseudohelvola,1
Biatora_sphaeroides,1
Biatora_sphaeroidiza,1
Biatora_subduplex,1
Biatora_toensbergii,1
Biatora_vernalis,1
Biatora_veteranorum,1
Bilimbia_lobulata,1
Bilimbia_microcarpa,1
Bilimbia_sabuletorum,1
Catillaria_corymbosa,1
Catillaria_scotinodes,1
Cliostomum_corrugatum,1
Cliostomum_griffithii,1
Cliostomum_tenerum,1
Crocynia_gossypina,1
Crocynia_pyxinoides,1
Lecania_aipospila,1
Lecania_atrynoides,1
Lecania_baeomma,1
Lecania_chlorotiza,1
Lecania_croatica,1
Lecania_cyrtella,1
Lecania_cyrtellina,1
Lecania_dubitans,1
Lecania_erysibe,1
Lecania_falcata,1
Lecania_furfuracea,1
Lecania_fuscella,1
Lecania_gerlachei,1
Lecania_glauca,1
Lecania_hutchinsiae,1
Lecania_inundata,1
Lecania_leprosa,1
Lecania_naegelii,1
Lecania_nylanderiana,1
Lecania_prasinoides,1
Lecania_proteiformis,1
Lecania_rabenhorstii,1
Lecania_racovitzae,1
Lecania_sambucina,1
Lecania_sylvestris,1
Lecania_turicensis,1
Lecidea_sphaerella,1
Lopezaria_versicolor,1
Megalaria_grossa,1
Megalaria_laureri,1
Megalaria_pulverea,1
Mycobilimbia_epixanthoides,1
Mycobilimbia_fissuriseda,1
Mycobilimbia_pilularis,1
Mycobilimbia_tetramera,1
Niebla_cephalota,1
Niebla_ceruchis,1
Niebla_combeoides,1
Niebla_homalea,1
Niebla_laevigata,1
Niebla_procera,1
Niebla_robusta,1
Ramalina_almquistii,1
Ramalina_americana,1
Ramalina_arabum,1
Ramalina_aspera,1
Ramalina_azorica,1
Ramalina_bourgaeana,1
Ramalina_breviuscula,1
Ramalina_calicaris,1
Ramalina_canariensis,1
Ramalina_capitata,1
Ramalina_celastri,1
Ramalina_chondrina,1
Ramalina_complanata,1
Ramalina_conduplicans,1
Ramalina_confirmata,1
Ramalina_cribrosa,1
Ramalina_crispatula,1
Ramalina_culbersoniorum,1
Ramalina_cupularis,1
Ramalina_decipiens,1
Ramalina_digitellata,1
Ramalina_erosa,1
Ramalina_exilis,1
Ramalina_farinacea,1
Ramalina_fastigiata,1
Ramalina_fraxinea,1
Ramalina_geniculata,1
Ramalina_glaucescens,1
Ramalina_hamulosa,1
Ramalina_hierrensis,1
Ramalina_huei,1
Ramalina_implectens,1
Ramalina_intermedia,1
Ramalina_lacera,1
Ramalina_leiodea,1
Ramalina_leptocarpha,1
Ramalina_litoralis,1
Ramalina_maciformis,1
Ramalina_maderensis,1
Ramalina_menziesii,1
Ramalina_minuscula,1
Ramalina_mollis,1
Ramalina_montagnei,1
Ramalina_nodosa,1
Ramalina_obtusata,1
Ramalina_pacifica,1
Ramalina_paludosa,1
Ramalina_panizzei,1
Ramalina_pertusa,1
Ramalina_peruviana,1
Ramalina_pitardii,1
Ramalina_pluviariae,1
Ramalina_pollinaria,1
Ramalina_polymorpha,1
Ramalina_portosantana,1
Ramalina_portuensis,1
Ramalina_pusilla,1
Ramalina_requienii,1
Ramalina_roesleri,1
Ramalina_rosacea,1
Ramalina_rubrotincta,1
Ramalina_sekika,1
Ramalina_siliquosa,1
Ramalina_sinensis,1
Ramalina_stevensiae,1
Ramalina_subbreviuscula,1
Ramalina_subfarinacea,1
Ramalina_subgeniculata,1
Ramalina_subpusilla,1
Ramalina_subwebbiana,1
Ramalina_terebrata,1
Ramalina_tortuosa,1
Ramalina_webbii,1
Ramalina_wirthii,1
Ramalina_yasudae,1
Ramalinopsis_mannii,1
Rolfidium_coccocarpioides,1
Scutula_krempelhuberi,1
Scutula_miliaris,0
Thamnolecania_brialmontii,1
Toninia_alutacea,1
Toninia_aromatica,1
Toninia_candida,1
Toninia_cinereovirens,1
Toninia_coelestina,1
Toninia_lutosa,1
Toninia_nordlandica,1
Toninia_opuntioides,1
Toninia_pennina,1
Toninia_philippea,1
Toninia_plumbina,0
Toninia_rosulata,1
Toninia_ruginosa,1
Toninia_sculpturata,1
Toninia_sedifolia,1
Toninia_squalida,1
Toninia_talparum,1
Toninia_taurica,1
Toninia_toniniana,1
Toninia_verrucarioides,1
Trichoramalina_crinita,1
Trichoramalina_melanothrix,1
Tylothallia_biformigera,1
Waynea_californica,1
Lecidea_haematites,1
Pyrrhospora_arandensis,1
Pyrrhospora_laeta,1
Pyrrhospora_petraeoides,1
Pyrrhospora_russula,1
Pyrrhospora_sanguinolenta,1
Ramboldia_brunneocarpa,1
Ramboldia_stuartii,1
Scoliciosporum_chlorococcum,1
Scoliciosporum_intrusum,1
Scoliciosporum_umbrinum,1
Austropeltum_glareosum,1
Bunodophoron_australe,1
Bunodophoron_melanocarpum,1
Bunodophoron_scrobiculatum,1
Leifidium_tenerum,1
Neophyllis_melacarpa,1
Sphaerophorus_fragilis,1
Sphaerophorus_globosus,1
Sphaerophorus_stereocauloides,1
Herteliana_taylorii,1
Squamarina_cartilaginea,1
Squamarina_gypsacea,1
Squamarina_lentigera,1
Lepraria_atlantica,1
Lepraria_atrotomentosa,1
Lepraria_bergensis,1
Lepraria_borealis,1
Lepraria_cacuminum,1
Lepraria_caesiella,1
Lepraria_caesioalba,1
Lepraria_celata,1
Lepraria_crassissima,1
Lepraria_cryophila,1
Lepraria_diffusa,1
Lepraria_eburnea,1
Lepraria_elobata,1
Lepraria_finkii,1
Lepraria_friabilis,1
Lepraria_granulata,1
Lepraria_harrisiana,1
Lepraria_hodkinsoniana,1
Lepraria_humida,1
Lepraria_incana,1
Lepraria_isidiata,1
Lepraria_jackii,1
Lepraria_lanata,1
Lepraria_larrainiana,1
Lepraria_leprolomopsis,1
Lepraria_lobificans,1
Lepraria_membranacea,1
Lepraria_neglecta,1
Lepraria_nivalis,1
Lepraria_normandinoides,1
Lepraria_nylanderiana,1
Lepraria_oxybapha,1
Lepraria_pacifica,1
Lepraria_rigidula,1
Lepraria_santosii,1
Lepraria_subalbicans,1
Lepraria_sylvicola,1
Lepraria_toensbergiana,1
Lepraria_umbricola,1
Lepraria_vouauxii,1
Lepraria_xerophila,1
Lepraria_yunnaniana,1
Stereocaulon_alpestre,1
Stereocaulon_alpinum,1
Stereocaulon_arcticum,1
Stereocaulon_atlanticum,1
Stereocaulon_azoreum,1
Stereocaulon_botryosum,1
Stereocaulon_coniophyllum,1
Stereocaulon_corticatulum,1
Stereocaulon_cumulatum,1
Stereocaulon_curtatum,1
Stereocaulon_delisei,1
Stereocaulon_dendroides,1
Stereocaulon_depreaultii,1
Stereocaulon_evolutum,1
Stereocaulon_exutum,1
Stereocaulon_farinaceum,1
Stereocaulon_foliolosum,1
Stereocaulon_fronduliferum,1
Stereocaulon_glabrum,1
Stereocaulon_glareosum,1
Stereocaulon_implexum,1
Stereocaulon_incrustatum,1
Stereocaulon_intermedium,1
Stereocaulon_japonicum,1
Stereocaulon_leucophaeopsis,1
Stereocaulon_myriocarpum,1
Stereocaulon_nanodes,1
Stereocaulon_nigrum,1
Stereocaulon_nivale,1
Stereocaulon_octomerellum,1
Stereocaulon_paschale,1
Stereocaulon_pendulum,1
Stereocaulon_pileatum,1
Stereocaulon_plicatile,1
Stereocaulon_pomiferum,1
Stereocaulon_ramulosum,1
Stereocaulon_rivulorum,1
Stereocaulon_sasakii,1
Stereocaulon_saxatile,1
Stereocaulon_spathuliferum,1
Stereocaulon_subcoralloides,1
Stereocaulon_taeniarum,1
Stereocaulon_tomentosum,1
Stereocaulon_tornense,1
Stereocaulon_urceolatum,1
Stereocaulon_verruciferum,1
Stereocaulon_verruculigerum,1
Stereocaulon_vesuvianum,1
Stereocaulon_virgatum,1
Lecidea_berengeriana,1
Amygdalaria_consentiens,1
Amygdalaria_elegantior,1
Amygdalaria_panaeola,1
Bellemerea_alpina,1
Bellemerea_diamarta,1
Bellemerea_subsorediza,1
Cecidonia_umbonella,1
Immersaria_usbekica,1
Koerberiella_wimmeriana,1
Lecidea_andersonii,1
Lecidea_atrobrunnea,1
Lecidea_auriculata,1
Lecidea_cancriformis,1
Lecidea_confluens,1
Lecidea_fuscoatra,1
Lecidea_fuscoatrina,1
Lecidea_inops,1
Lecidea_laboriosa,1
Lecidea_lapicida,1
Lecidea_obluridata,1
Lecidea_plana,1
Lecidea_polypycnidophora,1
Lecidea_silacea,1
Lecidea_syncarpa,1
Lecidea_tessellata,1
Porpidia_albocaerulescens,1
Porpidia_carlottiana,1
Porpidia_cinereoatra,1
Porpidia_contraponenda,1
Porpidia_crustulata,1
Porpidia_diversa,1
Porpidia_flavocaerulescens,1
Porpidia_glaucophaea,1
Porpidia_grisea,1
Porpidia_hydrophila,1
Porpidia_lowiana,1
Porpidia_macrocarpa,1
Porpidia_melinodes,1
Porpidia_musiva,1
Porpidia_nigrocruenta,1
Porpidia_ochrolemma,1
Porpidia_soredizodes,1
Porpidia_speirea,1
Porpidia_stephanodes,1
Porpidia_superba,1
Porpidia_tahawasiana,1
Porpidia_tuberculosa,1
Porpidia_zeoroides,1
Stenhammarella_turgida,1
Stephanocyclos_henssenianus,1
Lecidoma_demissum,1
Halecania_alpivaga,1
Lepraria_coriensis,1
Leprocaulon_americanum,1
Leprocaulon_knudsenii,1
Leprocaulon_quisquiliare,1
Leprocaulon_santamonicae,1
Leprocaulon_terricola,1
Leprocaulon_textum,1
Notolecidea_subcontinua,1
Coccocarpia_domingensis,0
Coccocarpia_erythroxyli,0
Coccocarpia_palmicola,0
Coccocarpia_pellita,0
Spilonemella_americana,0
Collema_auriforme,0
Collema_bachmanianum,0
Collema_callopismum,0
Collema_ceraniscum,0
Collema_complanatum,0
Collema_conglomeratum,0
Collema_crispum,0
Collema_cristatum,0
Collema_curtisporum,0
Collema_flaccidum,0
Collema_fragile,0
Collema_fragrans,0
Collema_furfuraceum,0
Collema_fuscovirens,0
Collema_glaucophthalmum,0
Collema_italicum,0
Collema_laeve,0
Collema_leptaleum,0
Collema_ligerinum,0
Collema_multipartitum,0
Collema_multipunctatum,0
Collema_nigrescens,0
Collema_occultatum,0
Collema_parvum,0
Collema_polycarpon,0
Collema_rugosum,0
Collema_subconveniens,0
Collema_subnigrescens,0
Collema_tenax,0
Collema_undulatum,0
Leptogium_arsenei,0
Leptogium_austroamericanum,0
Leptogium_azureum,0
Leptogium_biatorinum,0
Leptogium_biloculare,0
Leptogium_brebissonii,0
Leptogium_britannicum,0
Leptogium_burnetiae,0
Leptogium_cellulosum,0
Leptogium_corticola,0
Leptogium_crispatellum,0
Leptogium_cyanescens,0
Leptogium_dactylinum,0
Leptogium_denticulatum,0
Leptogium_diffractum,0
Leptogium_digitatum,0
Leptogium_furfuraceum,0
Leptogium_gelatinosum,0
Leptogium_hibernicum,0
Leptogium_hildenbrandii,0
Leptogium_imbricatum,0
Leptogium_isidiosellum,0
Leptogium_juressianum,0
Leptogium_laceroides,0
Leptogium_lichenoides,0
Leptogium_magnussonii,0
Leptogium_malmei,0
Leptogium_marginellum,0
Leptogium_microphylloides,0
Leptogium_palmatum,0
Leptogium_papillosum,0
Leptogium_pedicellatum,0
Leptogium_phyllocarpum,0
Leptogium_plicatile,0
Leptogium_polycarpum,0
Leptogium_pseudofurfuraceum,0
Leptogium_puberulum,0
Leptogium_pulvinatum,0
Leptogium_quercicola,0
Leptogium_resupinans,0
Leptogium_reticulatum,0
Leptogium_rivulare,0
Leptogium_saturninum,0
Leptogium_schraderi,0
Leptogium_sessile,0
Leptogium_siskiyouensis,0
Leptogium_subaridum,0
Leptogium_subtile,0
Leptogium_tacomae,0
Leptogium_tenuissimum,0
Leptogium_teretiusculum,0
Leptogium_turgidum,0
Leptogium_velutinum,0
Koerberia_biformis,0
Steinera_glaucella,0
Steinera_radiata,0
Steinera_symptychia,0
Vestergrenopsis_elaeina,0
Vestergrenopsis_isidiata,0
Vestergrenopsis_sonomensis,0
Dendriscosticta_oroborealis,1
Dendriscosticta_praetextata,1
Dendriscosticta_wrightii,1
Lobaria_adscripta,1
Lobaria_amplissima,1
Lobaria_discolor,1
Lobaria_dissecta,1
Lobaria_fendleri,1
Lobaria_hallii,0
Lobaria_immixta,1
Lobaria_isidiosa,0
Lobaria_kurokawae,0
Lobaria_linita,1
Lobaria_macaronesica,1
Lobaria_meridionalis,1
Lobaria_oregana,1
Lobaria_orientalis,1
Lobaria_patinifera,1
Lobaria_pseudoglaberrima,1
Lobaria_pseudopulmonaria,0
Lobaria_pulmonaria,1
Lobaria_quercizans,1
Lobaria_retigera,0
Lobaria_sachalinensis,1
Lobaria_silvae_veteris,0
Lobaria_spathulata,1
Lobaria_virens,1
Lobariella_angustata,1
Lobariella_auriculata,1
Lobariella_botryoides,0
Lobariella_crenulata,1
Lobariella_ecorticata,1
Lobariella_flavomedullosa,1
Lobariella_isidiata,1
Lobariella_pallida,1
Lobariella_pallidocrenulata,1
Lobariella_parmelioides,1
Lobariella_pseudocrenulata,1
Lobariella_reticulata,1
Lobariella_sipmanii,0
Lobariella_soredians,0
Lobariella_subexornata,1
Lobarina_scrobiculata,0
Pseudocyphellaria_allanii,0
Pseudocyphellaria_anomala,0
Pseudocyphellaria_anthraspis,0
Pseudocyphellaria_ardesiaca,0
Pseudocyphellaria_argyracea,0
Pseudocyphellaria_aurata,1
Pseudocyphellaria_berberina,1
Pseudocyphellaria_cinnamomea,0
Pseudocyphellaria_clathrata,1
Pseudocyphellaria_corbettii,1
Pseudocyphellaria_coriacea,1
Pseudocyphellaria_coriifolia,0
Pseudocyphellaria_crocata,0
Pseudocyphellaria_dissimilis,0
Pseudocyphellaria_divulsa,1
Pseudocyphellaria_dubia,0
Pseudocyphellaria_endochrysea,1
Pseudocyphellaria_episticta,1
Pseudocyphellaria_faveolata,1
Pseudocyphellaria_fimbriatoides,0
Pseudocyphellaria_freycinetii,1
Pseudocyphellaria_glabra,1
Pseudocyphellaria_granulata,1
Pseudocyphellaria_hirsuta,0
Pseudocyphellaria_homoeophylla,1
Pseudocyphellaria_hookeri,0
Pseudocyphellaria_intricata,0
Pseudocyphellaria_knightii,0
Pseudocyphellaria_lechleri,0
Pseudocyphellaria_lindsayi,1
Pseudocyphellaria_lividofusca,1
Pseudocyphellaria_maculata,0
Pseudocyphellaria_mallota,0
Pseudocyphellaria_multifida,1
Pseudocyphellaria_murrayi,0
Pseudocyphellaria_neglecta,0
Pseudocyphellaria_obvoluta,1
Pseudocyphellaria_perpetua,0
Pseudocyphellaria_pickeringii,1
Pseudocyphellaria_pilosella,0
Pseudocyphellaria_poculifera,1
Pseudocyphellaria_rainierensis,1
Pseudocyphellaria_rufovirescens,1
Pseudocyphellaria_scabrosa,0
Pseudocyphellaria_wilkinsii,1
Sticta_ambavillaria,0
Sticta_andensis,0
Sticta_arachnofuliginosa,0
Sticta_arbuscula,0
Sticta_atroandensis,0
Sticta_beauvoisii,0
Sticta_brevior,0
Sticta_canariensis,1
Sticta_caperata,1
Sticta_carolinensis,0
Sticta_caulescens,0
Sticta_cinereoglauca,1
Sticta_cometia,0
Sticta_cometiella,0
Sticta_cyphellulata,0
Sticta_damicornis,1
Sticta_dilatata,0
Sticta_duplolimbata,0
Sticta_filix,1
Sticta_fragilinata,0
Sticta_fuliginosa,0
Sticta_gaudichaudia,0
Sticta_gracilis,1
Sticta_gyalocarpa,0
Sticta_hirta,0
Sticta_humboldtii,0
Sticta_hypochroa,0
Sticta_impressula,0
Sticta_isidiokunthii,0
Sticta_lacera,1
Sticta_latifrons,1
Sticta_leucoblepharis,0
Sticta_limbata,0
Sticta_lobarioides,1
Sticta_macrocyphellata,0
Sticta_macrophylla,0
Sticta_macrothallina,1
Sticta_maculofuliginosa,0
Sticta_martinii,1
Sticta_neopulmonarioides,1
Sticta_nylanderiana,0
Sticta_papillata,0
Sticta_parahumboldtii,0
Sticta_phyllidiokunthii,1
Sticta_pseudolobaria,1
Sticta_pulmonarioides,1
Sticta_rhizinata,0
Sticta_squamata,1
Sticta_subcaperata,1
Sticta_sublimbata,0
Sticta_subscrobiculata,1
Sticta_sylvatica,0
Sticta_tatamana,1
Sticta_tomentosa,0
Sticta_tunjensis,0
Sticta_variabilis,1
Sticta_viviana,0
Sticta_weigelii,0
Yoshimuriella_subdissecta,1
Leptochidium_albociliatum,0
Massalongia_carnosa,0
Polychidium_muscicola,0
Nephroma_antarcticum,1
Nephroma_arcticum,1
Nephroma_areolatum,0
Nephroma_australe,1
Nephroma_bellum,0
Nephroma_cellulosum,0
Nephroma_expallidum,1
Nephroma_flavorhizinatum,0
Nephroma_foliolatum,0
Nephroma_helveticum,0
Nephroma_hensseniae,0
Nephroma_isidiosum,0
Nephroma_laevigatum,0
Nephroma_occultum,0
Nephroma_parile,0
Nephroma_plumbeum,0
Nephroma_resupinatum,0
Nephroma_rufum,0
Nephroma_skottsbergii,1
Nephroma_squamigerum,0
Nephroma_sulcatum,0
Nephroma_tangeriense,1
Nephroma_tropicum,0
Nephroma_venosum,0
Nephroma_washingtoniense,0
Degelia_atlantica,0
Degelia_durietzii,0
Degelia_gayana,0
Degelia_plumbea,0
Erioderma_leylandii,0
Erioderma_verruculosum,0
Fuscoderma_amphibolum,0
Fuscoderma_applanatum,0
Fuscopannaria_ahlneri,0
Fuscopannaria_confusa,0
Fuscopannaria_ignobilis,0
Fuscopannaria_incisa,0
Fuscopannaria_leucosticta,0
Fuscopannaria_mediterranea,0
Fuscopannaria_praetermissa,0
Fuscopannaria_sampaiana,0
Joergensenia_cephalodina,1
Leciophysma_finmarkicum,0
Leciophysma_furfurascens,0
Leioderma_erythrocarpum,0
Leioderma_pycnophorum,0
Leptogidium_contortum,0
Leptogidium_dendriscum,0
Moelleropsis_nebulosa,0
Pannaria_andina,1
Pannaria_athroophylla,1
Pannaria_calophylla,1
Pannaria_conoplea,0
Pannaria_contorta,1
Pannaria_euphylla,1
Pannaria_farinosa,1
Pannaria_hookeri,0
Pannaria_isabellina,1
Pannaria_microphyllizans,1
Pannaria_pallida,1
Pannaria_rubiginella,0
Pannaria_rubiginosa,0
Pannaria_sphinctrina,1
Pannaria_tavaresii,0
Parmeliella_appalachensis,0
Parmeliella_miradorensis,0
Parmeliella_parvula,0
Parmeliella_triptophylla,0
Physma_byrsaeum,0
Physma_pseudoisidiatum,0
Physma_radians,0
Protopannaria_pezizoides,0
Psoroma_aphthosum,1
Psoroma_buchananii,1
Psoroma_cinnamomeum,1
Psoroma_fruticulosum,1
Psoroma_hispidulum,1
Psoroma_hypnorum,1
Psoroma_implexum,1
Psoroma_paleaceum,1
Psoroma_pholidotoides,1
Psoroma_tenue,1
Psorophorus_fuegiensis,1
Psorophorus_pholidotus,1
Ramalodium_succulentum,0
Santessoniella_polychidioides,0
Santessoniella_saximontana,0
Staurolemma_omphalarioides,0
Staurolemma_weberi,0
Steineropsis_alaskana,0
Xanthopsoroma_contextum,1
Xanthopsoroma_soccatum,1
Peltigera_aphthosa,1
Peltigera_britannica,1
Peltigera_canina,0
Peltigera_castanea,0
Peltigera_chionophila,1
Peltigera_cichoracea,0
Peltigera_cinnamomea,0
Peltigera_collina,0
Peltigera_continentalis,0
Peltigera_degenii,0
Peltigera_didactyla,0
Peltigera_dolichorrhiza,0
Peltigera_elisabethae,0
Peltigera_erioderma,0
Peltigera_evansiana,0
Peltigera_extenuata,0
Peltigera_frigida,0
Peltigera_frippii,0
Peltigera_gowardii,0
Peltigera_granulosa,0
Peltigera_horizontalis,0
Peltigera_hydrothyria,0
Peltigera_hymenina,0
Peltigera_koponenii,0
Peltigera_kristinssonii,0
Peltigera_laciniata,0
Peltigera_lambinonii,0
Peltigera_latopraetextata,0
Peltigera_lepidophora,0
Peltigera_leucophlebia,1
Peltigera_malacea,0
Peltigera_membranacea,0
Peltigera_monticola,0
Peltigera_montis_wilhelmii,0
Peltigera_nana,0
Peltigera_neckeri,0
Peltigera_neopolydactyla,0
Peltigera_nigripunctata,1
Peltigera_occidentalis,0
Peltigera_oceanica,0
Peltigera_pacifica,0
Peltigera_papuana,0
Peltigera_phyllidiosa,0
Peltigera_polydactyloides,0
Peltigera_polydactylon,0
Peltigera_ponojensis,0
Peltigera_praetextata,0
Peltigera_pulverulenta,0
Peltigera_retifoveata,0
Peltigera_rufescens,0
Peltigera_scabrosa,0
Peltigera_scabrosella,0
Peltigera_sumatrana,0
Peltigera_tereziana,0
Peltigera_ulcerata,0
Peltigera_venosa,1
Peltigera_weberi,0
Peltigera_wulingensis,0
Solorina_crocea,1
Solorina_saccata,1
Placynthium_flabellosum,0
Placynthium_nigrum,0
Placynthium_pannariellum,0
Placynthium_stenophyllum,0
Placynthium_tantaleum,0
Vahliella_californica,0
Vahliella_leucophaea,0
Vahliella_saubinetii,0
Catolechia_wahlenbergii,1
Poeltinula_cerebrina,1
Rhizocarpon_amphibium,1
Rhizocarpon_copelandii,1
Rhizocarpon_disporum,1
Rhizocarpon_distinctum,1
Rhizocarpon_geminatum,1
Rhizocarpon_geographicum,1
Rhizocarpon_hochstetteri,1
Rhizocarpon_lavatum,1
Rhizocarpon_nidificum,1
Rhizocarpon_norvegicum,1
Rhizocarpon_oederi,1
Rhizocarpon_petraeum,1
Rhizocarpon_polycarpum,1
Rhizocarpon_reductum,1
Rhizocarpon_sphaerosporum,1
Rhizocarpon_suomiense,1
Rhizocarpon_superficiale,1
Sporastatia_polyspora,1
Sporastatia_testudinea,1
Toensbergia_leucococca,1
Romjularia_lurida,1
Solenopsora_holophaea,1
Brigantiaea_ferruginea,1
Brigantiaea_fuscolutea,1
Brigantiaea_leucoxantha,1
Brigantiaea_tricolor,1
Letrouitia_domingensis,1
Letrouitia_flavidula,1
Letrouitia_parabola,1
Letrouitia_subvulpina,1
Letrouitia_transgressa,1
Letrouitia_vulpina,1
Austroblastenia_pauciseptata,1
Austroblastenia_pupa,1
Megaloblastenia_marginiflexa,1
Megalospora_admixta,1
Megalospora_austropacifica,1
Megalospora_coccodes,1
Megalospora_disjuncta,1
Megalospora_lopadioides,1
Megalospora_pruinata,1
Megalospora_pulverata,1
Megalospora_subtuberculosa,1
Megalospora_sulphurata,1
Megalospora_tuberculosa,1
Sipmaniella_sulphureofusca,1
Blastenia_ammiospila,1
Blastenia_circumpolaris,1
Blastenia_crenularia,1
Blastenia_herbidella,1
Blastenia_hungarica,1
Blastenia_subochracea,1
Bryoplaca_jungermanniae,1
Bryoplaca_sinapisperma,1
Bryoplaca_tetraspora,1
Caloplaca_aegaea,1
Caloplaca_aetnensis,1
Caloplaca_albolutescens,1
Caloplaca_albopruinosa,1
Caloplaca_albopustulata,1
Caloplaca_allochroa,1
Caloplaca_alociza,1
Caloplaca_aractina,1
Caloplaca_areolata,1
Caloplaca_atroflava,1
Caloplaca_australis,1
Caloplaca_badioreagens,1
Caloplaca_bicolor,1
Caloplaca_cancarixiticola,1
Caloplaca_ceracea,1
Caloplaca_chlorina,1
Caloplaca_cinnamomea,1
Caloplaca_cirrochroa,1
Caloplaca_concreticola,1
Caloplaca_conversa,1
Caloplaca_coralliza,1
Caloplaca_cretensis,1
Caloplaca_demissa,1
Caloplaca_diphyodes,1
Caloplaca_duplicata,1
Caloplaca_egeana,1
Caloplaca_erodens,1
Caloplaca_erythrantha,1
Caloplaca_erythrocarpa,1
Caloplaca_ferruginea,1
Caloplaca_furax,1
Caloplaca_furfuracea,1
Caloplaca_fuscoatroides,1
Caloplaca_fuscorufa,1
Caloplaca_gloriae,1
Caloplaca_haematites,1
Caloplaca_hanneshertelii,1
Caloplaca_isidiigera,1
Caloplaca_juniperina,1
Caloplaca_latzelii,1
Caloplaca_monacensis,1
Caloplaca_obscurella,1
Caloplaca_paulii,1
Caloplaca_peliophylla,1
Caloplaca_pelodella,1
Caloplaca_percrocata,1
Caloplaca_phaeothamnos,1
Caloplaca_pinicola,1
Caloplaca_reptans,1
Caloplaca_scabrosa,1
Caloplaca_soralifera,1
Caloplaca_sterilis,1
Caloplaca_stillicidiorum,1
Caloplaca_subalpina,1
Caloplaca_teicholyta,1
Caloplaca_thracopontica,1
Caloplaca_transcaspica,1
Caloplaca_turkuensis,1
Caloplaca_ulmorum,1
Caloplaca_variabilis,1
Caloplaca_xanthostigmoidea,1
Caloplaca_xerica,1
Fulgensia_poeltii,1
Gyalolechia_arizonica,1
Gyalolechia_aurea,1
Gyalolechia_bassiae,1
Gyalolechia_bracteata,1
Gyalolechia_canariensis,1
Gyalolechia_cranfieldii,1
Gyalolechia_desertorum,1
Gyalolechia_ehrenbergii,1
Gyalolechia_flavorubescens,1
Gyalolechia_flavovirescens,1
Gyalolechia_fulgens,1
Gyalolechia_fulgida,1
Gyalolechia_gomerana,1
Gyalolechia_lenae,1
Gyalolechia_oxneri,1
Gyalolechia_persimilis,1
Gyalolechia_pruinosa,1
Gyalolechia_stantonii,1
Gyalolechia_stipitata,1
Gyalolechia_subbracteata,1
Ioplaca_pindarensis,1
Leproplaca_chrysodeta,1
Leproplaca_obliterans,1
Leproplaca_proteus,1
Leproplaca_xantholyta,1
Pyrenodesmia_chalybaea,1
Rufoplaca_arenaria,1
Rufoplaca_oxfordensis,1
Rufoplaca_scotoplaca,1
Rufoplaca_subpallida,1
Rufoplaca_tristiuscula,1
Seirophora_aurantiaca,1
Seirophora_austroarabica,1
Seirophora_californica,1
Seirophora_contortuplicata,1
Seirophora_lacunosa,1
Seirophora_scorigena,1
Seirophora_stenophylla,1
Teloschistes_contortuplicatus,1
Teloschistes_villosus,1
Usnochroma_carphinea,1
Usnochroma_scoriophila,1
Variospora_aurantia,1
Variospora_dolomiticola,1
Variospora_erythrina,1
Variospora_flavescens,1
Variospora_glomerata,1
Variospora_macrocarpa,1
Variospora_thallincola,1
Variospora_velana,1
Brownliella_aequata,1
Brownliella_montisfracti,1
Caloplaca_chilensis,1
Caloplaca_digitaurea,1
Caloplaca_wetmorei,1
Caloplaca_whinrayi,1
Caloplaca_yarraensis,1
Filsoniana_australiensis,1
Filsoniana_rexfilsonii,1
Filsoniana_scarlatina,1
Follmannia_orthoclada,1
Haloplaca_britannica,1
Haloplaca_sorediella,1
Haloplaca_suaedae,1
Josefpoeltia_parva,1
Josefpoeltia_sorediosa,1
Kaernefia_albocrenulata,1
Kaernefia_gilfillaniorum,1
Kaernefia_kaernefeltii,1
Niorma_chrysophthalma,1
Scutaria_andina,1
Sirenophila_bermaguiana,1
Sirenophila_eos,1
Sirenophila_gallowayii,1
Sirenophila_gintarisi,1
Sirenophila_jackelixii,1
Sirenophila_maccarthyi,1
Sirenophila_tomareeana,1
Stellarangia_elegantissima,1
Stellarangia_namibensis,1
Stellarangia_testudinea,1
Teloschistes_arabicus,1
Teloschistes_capensis,1
Teloschistes_exilis,1
Teloschistes_fasciculatus,1
Teloschistes_flavicans,1
Teloschistes_hosseusianus,1
Teloschistes_hypoglaucus,1
Teloschistes_inflatus,1
Teloschistes_sieberianus,1
Teloschistes_velifer,1
Teloschistopsis_bonae_spei,1
Teloschistopsis_chrysocarpoides,1
Teloschistopsis_eudoxa,1
Villophora_isidioclada,1
Wetmoreana_appressa,1
Wetmoreana_decipioides,1
Wetmoreana_texana,1
Athallia_alnetorum,1
Athallia_cerinelloides,1
Athallia_holocarpa,1
Athallia_pyracea,1
Athallia_scopularis,1
Austroplaca_ambitiosa,1
Austroplaca_cirrochrooides,1
Austroplaca_darbishirei,1
Austroplaca_erecta,1
Austroplaca_hookeri,1
Austroplaca_johnstonii,1
Austroplaca_lucens,1
Austroplaca_millegrana,1
Austroplaca_soropelta,1
Calogaya_alaskensis,1
Calogaya_arnoldii,1
Calogaya_decipiens,1
Calogaya_lobulata,1
Calogaya_polycarpoides,1
Calogaya_pusilla,1
Calogaya_schistidii,1
Caloplaca_alcarum,1
Caloplaca_altoandina,1
Caloplaca_aquensis,1
Caloplaca_arcis,1
Caloplaca_arcisproxima,1
Caloplaca_arnoldiiconfusa,1
Caloplaca_austrocitrina,1
Caloplaca_biatorina,1
Caloplaca_borysthenica,1
Caloplaca_calcitrapa,1
Caloplaca_cerinella,1
Caloplaca_communis,1
Caloplaca_confusa,1
Caloplaca_coronata,1
Caloplaca_dichroa,1
Caloplaca_ferrarii,1
Caloplaca_flavocitrina,1
Caloplaca_geleverjae,1
Caloplaca_granulosa,1
Caloplaca_havaasii,1
Caloplaca_inconnexa,1
Caloplaca_interfulgens,1
Caloplaca_irrubescens,1
Caloplaca_lactea,1
Caloplaca_limonia,1
Caloplaca_maritima,1
Caloplaca_nashii,1
Caloplaca_nigromarina,1
Caloplaca_ora,1
Caloplaca_polycarpa,1
Caloplaca_rouxii,1
Caloplaca_saxicola,1
Caloplaca_scrobiculata,1
Caloplaca_scythica,1
Caloplaca_servitiana,1
Caloplaca_sublobulata,1
Caloplaca_thuringiaca,1
Caloplaca_tominii,1
Caloplaca_ulcerosa,1
Caloplaca_vitellinula,1
Cerothallia_luteoalba,1
Cerothallia_subluteoalba,1
Cerothallia_yorkensis,1
Dufourea_alexanderbaai,1
Dufourea_angustata,1
Dufourea_australis,1
Dufourea_bonae_spei,1
Dufourea_capensis,1
Dufourea_dissectula,1
Dufourea_filsonii,1
Dufourea_flammea,1
Dufourea_karrooensis,1
Dufourea_ligulata,1
Dufourea_turbinata,1
Flavoplaca_citrina,1
Flavoplaca_cranfieldii,1
Flavoplaca_kantvilasii,1
Flavoplaca_marina,1
Flavoplaca_mereschkowskiana,1
Flavoplaca_microthallina,1
Flavoplaca_navasiana,1
Flavoplaca_oasis,1
Flavoplaca_tavaresiana,1
Gondwania_cribrosa,1
Gondwania_regalis,1
Orientophila_loekoesii,1
Orientophila_subscopularis,1
Pachypeltis_castellana,1
Pachypeltis_cladodes,1
Pachypeltis_intrudens,1
Pachypeltis_invadens,1
Parvoplaca_athallina,1
Parvoplaca_suspiciosa,1
Parvoplaca_tiroliensis,1
Polycauliona_ascendens,1
Polycauliona_bolacina,1
Polycauliona_brattiae,1
Polycauliona_coralloides,1
Polycauliona_flavogranulosa,1
Polycauliona_ignea,1
Polycauliona_impolita,1
Polycauliona_inconspecta,1
Polycauliona_kaernefeltii,1
Polycauliona_ludificans,1
Polycauliona_luteominia,1
Polycauliona_phlogina,1
Polycauliona_pollinarioides,1
Polycauliona_polycarpa,1
Polycauliona_rosei,1
Polycauliona_stellata,1
Polycauliona_tenuiloba,1
Polycauliona_thamnodes,1
Polycauliona_verruculifera,1
Rusavskia_sorediata,1
Shackletonia_buelliae,1
Shackletonia_hertelii,1
Shackletonia_insignis,1
Shackletonia_sauronii,1
Shackletonia_siphonospora,1
Solitaria_chrysophthalma,1
Squamulea_galactophylla,1
Squamulea_kiamae,1
Squamulea_parviloba,1
Squamulea_squamosa,1
Squamulea_subsoluta,1
Xanthocarpia_crenulatella,1
Xanthocarpia_epigaea,1
Xanthocarpia_erichansenii,1
Xanthocarpia_feracissima,1
Xanthocarpia_marmorata,1
Xanthocarpia_ochracea,1
Xanthomendoza_aphrodites,1
Xanthomendoza_borealis,1
Xanthomendoza_fallax,1
Xanthomendoza_fulva,1
Xanthomendoza_galericulata,1
Xanthomendoza_hasseana,1
Xanthomendoza_hermonii,1
Xanthomendoza_mendozae,1
Xanthomendoza_novozelandica,1
Xanthomendoza_oregana,1
Xanthomendoza_poeltii,1
Xanthomendoza_trachyphylla,1
Xanthomendoza_weberi,1
Xanthopeltis_rupicola,1
Xanthoria_alaskana,1
Xanthoria_alfredii,1
Xanthoria_aureola,1
Xanthoria_calcicola,1
Xanthoria_coomae,1
Xanthoria_coppinsii,1
Xanthoria_digitata,1
Xanthoria_ectaneoides,1
Xanthoria_elixii,1
Xanthoria_inflata,1
Xanthoria_mawsonii,1
Xanthoria_mediterranea,1
Xanthoria_monofoliosa,1
Xanthoria_montana,1
Xanthoria_papillifera,1
Xanthoria_parietina,1
Xanthoria_resendei,1
Xanthoria_sogdiana,1
Xanthoria_streimannii,1
Xanthoria_ucrainica,1
Xanthoria_ulophyllodes,1
Arctomia_borbonica,0
Arctomia_delicatula,0
Arctomia_interfixa,0
Arctomia_teretiuscula,0
Collema_fasciculare,0
Gregorella_humida,0
Wawea_fruticulosa,0
Anzina_carneonivea,1
Arthrorhaphis_citrinella,1
Anamylopsora_pulcherrima,1
Ainoa_geochroa,1
Ainoa_mooreana,1
Baeomyces_heteromorphus,1
Baeomyces_rufus,1
Phyllobaeis_erythrella,1
Phyllobaeis_imbricata,1
Cameronia_pertusarioides,1
Cameronia_tecta,1
Hymenelia_epulotica,0
Hymenelia_lacustris,1
Tremolecia_atrata,1
Claviradulomyces_dabeicola,0
Claviradulomyces_xylopiae,0
Coenogonium_disjunctum,0
Coenogonium_flavicans,0
Coenogonium_leprieurii,0
Coenogonium_luteum,0
Coenogonium_pineti,0
Coenogonium_subzonatum,0
Cryptodiscus_microstomus,0
Cryptodiscus_rhopaloides,0
Clandestinotrema_clandestinum,0
Clandestinotrema_leucomelaenum,0
Clandestinotrema_stylothecium,0
Cruentotrema_thailandicum,0
Dyplolabia_afzelii,0
Enigmotrema_rubrum,0
Fissurina_aggregatula,0
Fissurina_astroisidiata,0
Fissurina_comparimuralis,0
Fissurina_dumastii,0
Fissurina_dumastioides,0
Fissurina_illiterata,0
Fissurina_inabensis,0
Fissurina_insidiosa,0
Fissurina_inspersa,0
Fissurina_marginata,0
Fissurina_nigrolabiata,0
Fissurina_nitidescens,0
Fissurina_pseudostromatica,0
Fissurina_rufula,0
Fissurina_triticea,0
Ocellularia_cruentata,0
Pycnotrema_pycnoporellum,0
Aderkomyces_heterellus,1
Asterothyrium_longisporum,1
Aulaxina_minuta,1
Aulaxina_quadrangula,1
Calenia_monospora,1
Calenia_phyllogena,1
Echinoplaca_diffluens,1
Echinoplaca_epiphylla,1
Echinoplaca_leucotrichoides,1
Echinoplaca_lucernifera,1
Echinoplaca_strigulacea,1
Gomphillus_calycioides,1
Gomphillus_ophiosporus,1
Gyalectidium_catenulatum,1
Gyalectidium_imperfectum,1
Gyalidea_fritzei,1
Gyalidea_hyalinus,1
Gyalideopsis_vulgaris,1
Tricharia_amazonum,1
Tricharia_longispora,1
Tricharia_vainioi,1
Acanthothecis_abaphoides,0
Acanthothecis_aurantiaca,0
Acanthothecis_hololeucoides,0
Acanthothecis_peplophora,0
Acanthothecis_poitaeoides,0
Acanthothecis_socotrana,0
Acanthotrema_brasilianum,0
Acanthotrema_kalbii,0
Ampliotrema_amplius,0
Ampliotrema_auratum,0
Ampliotrema_lepadinoides,0
Ampliotrema_megalostoma,0
Astrochapsa_astroidea,0
Astrochapsa_pseudophlyctis,0
Astrochapsa_zahlbruckneri,0
Carbacanthographis_alloafzelii,0
Carbacanthographis_chionophora,0
Carbacanthographis_stictica,0
Chapsa_alborosella,0
Chapsa_dilatata,0
Chapsa_indica,0
Chapsa_laceratula,0
Chapsa_leprocarpa,0
Chapsa_mastersonii,0
Chapsa_megalophthalma,0
Chapsa_meridensis,0
Chapsa_niveocarpa,0
Chapsa_patens,0
Chapsa_phlyctidioides,0
Chapsa_platycarpa,0
Chapsa_pulchra,0
Chapsa_sublilacina,0
Chapsa_thallotrema,0
Chroodiscus_argillaceus,0
Chroodiscus_australiensis,0
Chroodiscus_coccineus,0
Chroodiscus_defectus,0
Chroodiscus_homchantarae,0
Chroodiscus_khaolungensis,0
Chroodiscus_khaosokensis,0
Chroodiscus_parvisporus,0
Chroodiscus_verrucosus,0
Compositrema_cerebriforme,0
Compositrema_thailandicum,0
Crutarndina_petractoides,0
Diorygma_antillarum,0
Diorygma_circumfusum,0
Diorygma_hieroglyphicum,0
Diorygma_junghuhnii,0
Diorygma_microsporum,0
Diorygma_minisporum,0
Diorygma_poitaei,0
Diorygma_pruinosum,0
Diorygma_sipmanii,0
Diorygma_tibellii,0
Diploschistes_actinostomus,1
Diploschistes_aeneus,1
Diploschistes_badius,1
Diploschistes_caesioplumbeus,1
Diploschistes_candidissimus,1
Diploschistes_cinereocaesius,1
Diploschistes_diacapsis,1
Diploschistes_diploschistoides,1
Diploschistes_elixii,1
Diploschistes_euganeus,1
Diploschistes_gypsaceus,1
Diploschistes_hensseniae,1
Diploschistes_muscorum,1
Diploschistes_neutrophilus,1
Diploschistes_ocellatus,1
Diploschistes_rampoddensis,1
Diploschistes_scruposus,1
Diploschistes_sticticus,1
Diploschistes_thunbergianus,1
Fibrillithecis_gibbosa,0
Glaucotrema_glaucophaeum,0
Glyphis_cicatricosa,0
Glyphis_scyphulifera,0
Glyphis_substriatula,0
Graphis_albissima,0
Graphis_anfractuosa,0
Graphis_angustata,0
Graphis_caesiella,0
Graphis_centrifuga,0
Graphis_chrysocarpa,0
Graphis_cinerea,0
Graphis_cleistoblephara,0
Graphis_dichotoma,0
Graphis_disserpens,0
Graphis_dupaxana,0
Graphis_furcata,0
Graphis_handelii,0
Graphis_illinata,0
Graphis_implicata,0
Graphis_japonica,0
Graphis_leptoclada,0
Graphis_librata,0
Graphis_pavoniana,0
Graphis_pseudocinerea,0
Graphis_pseudoserpens,0
Graphis_rhizocola,0
Graphis_rimulosa,0
Graphis_ruiziana,0
Graphis_scripta,0
Graphis_streblocarpa,0
Graphis_tenella,0
Graphis_tsunodae,0
Graphis_vestitoides,0
Graphis_xanthospora,0
Gyrotrema_wirthii,0
Halegrapha_chimaera,0
Heiomasia_seaveyorum,0
Heiomasia_sipmanii,0
Hemithecium_aphaneomicrosporum,0
Hemithecium_chlorocarpum,0
Hemithecium_implicatum,0
Hemithecium_plicosum,0
Hemithecium_rufopallidum,0
Leiorreuma_hypomelaenum,0
Leiorreuma_sericeum,0
Leptotrema_wightii,0
Leucodecton_albidulum,0
Leucodecton_anamalaiense,0
Leucodecton_compunctellum,0
Leucodecton_glaucescens,0
Leucodecton_occultum,0
Leucodecton_phaeosporum,0
Leucodecton_sordidescens,0
Leucodecton_subcompunctum,0
Mangoldia_australiana,0
Melanotopelia_rugosa,0
Melanotrema_platystomum,0
Myriochapsa_psoromica,0
Myriotrema_album,0
Myriotrema_bahianum,0
Myriotrema_cinereum,0
Myriotrema_erodens,0
Myriotrema_halei,0
Myriotrema_insigne,0
Myriotrema_laeviusculum,0
Myriotrema_microporum,0
Myriotrema_myrioporoides,0
Myriotrema_olivaceum,0
Myriotrema_peninsulae,0
Myriotrema_santessonii,0
Myriotrema_subconforme,0
Myriotrema_urceolare,0
Nadvornikia_hawaiiensis,0
Nitidochapsa_leprieurii,0
Ocellularia_actinota,0
Ocellularia_albocincta,0
Ocellularia_albula,0
Ocellularia_allosporoides,0
Ocellularia_arecae,0
Ocellularia_auberianoides,0
Ocellularia_baileyi,0
Ocellularia_bonplandii,0
Ocellularia_carassensis,0
Ocellularia_cavata,0
Ocellularia_chiriquiensis,0
Ocellularia_cicra,0
Ocellularia_confluens,0
Ocellularia_conformalis,0
Ocellularia_conformis,0
Ocellularia_diacida,0
Ocellularia_dolichotata,0
Ocellularia_domingensis,0
Ocellularia_emersa,0
Ocellularia_endomelaena,0
Ocellularia_eumorpha,0
Ocellularia_fecunda,0
Ocellularia_fenestrata,0
Ocellularia_fumosa,0
Ocellularia_garoana,0
Ocellularia_gerardii,0
Ocellularia_henatomma,0
Ocellularia_interponenda,0
Ocellularia_interposita,0
Ocellularia_laeviusculoides,0
Ocellularia_massalongoi,0
Ocellularia_mauretiana,0
Ocellularia_meiosperma,0
Ocellularia_microascidia,0
Ocellularia_microsorediata,0
Ocellularia_microstoma,0
Ocellularia_minutula,0
Ocellularia_natashae,0
Ocellularia_neopertusariiformis,0
Ocellularia_obturascens,0
Ocellularia_papillata,0
Ocellularia_percolumellata,0
Ocellularia_perforata,0
Ocellularia_pertusariiformis,0
Ocellularia_petrinensis,0
Ocellularia_plicata,0
Ocellularia_pluriporoides,0
Ocellularia_polillensis,0
Ocellularia_polydisca,0
Ocellularia_postposita,0
Ocellularia_praestans,0
Ocellularia_profunda,0
Ocellularia_psorbarroensis,0
Ocellularia_pustulata,0
Ocellularia_pyrenuloides,0
Ocellularia_rhicnoporoides,0
Ocellularia_rhodostroma,0
Ocellularia_rimosa,0
Ocellularia_subemersa,0
Ocellularia_subpraestans,0
Ocellularia_subterebrata,0
Ocellularia_terebrata,0
Ocellularia_thelotremoides,0
Ocellularia_thryptica,0
Ocellularia_urceolaris,0
Ocellularia_violacea,0
Ocellularia_viridipallens,0
Ocellularia_vizcayensis,0
Ocellularia_wirthii,0
Pallidogramme_chlorocarpoides,0
Pallidogramme_chrysenteron,0
Phaeographis_alcicornis,0
Phaeographis_asteroides,0
Phaeographis_brasiliensis,0
Phaeographis_caesioradians,0
Phaeographis_decipiens,0
Phaeographis_dendritica,0
Phaeographis_elliptica,0
Phaeographis_flavescens,0
Phaeographis_intricans,0
Phaeographis_lecanographa,0
Phaeographis_leiogrammodes,0
Phaeographis_leprieurii,0
Phaeographis_lobata,0
Phaeographis_planata,0
Phaeographis_platycarpa,0
Phaeographis_scalpturata,0
Phaeographis_schizoloma,0
Phaeographis_subfulgurata,0
Phaeographopsis_palaeotropica,0
Platygramme_australiensis,0
Platygramme_caesiopruinosa,0
Platygramme_impudica,0
Platygramme_praestans,0
Platythecium_grammitis,0
Platythecium_leiogramma,0
Pseudochapsa_esslingeri,0
Redingeria_glaucoglyphica,0
Redingeria_microspora,0
Reimnitzia_santensis,0
Rhabdodiscus_granulosus,0
Rhabdodiscus_integer,0
Rhabdodiscus_isidiiferus,0
Rhabdodiscus_marivelensis,0
Rhabdodiscus_schizostomus,0
Rhabdodiscus_subcavatus,0
Sarcographa_difformis,0
Sarcographa_fenicis,0
Sarcographa_heteroclita,0
Sarcographa_labyrinthica,0
Sarcographa_ramificans,0
Sarcographa_tricosa,0
Sarcographina_glyphiza,0
Schistophoron_tenue,0
Schizotrema_guadeloupense,0
Stegobolus_anamorphus,0
Stegobolus_berkeleyanus,0
Stegobolus_fissus,0
Stegobolus_radians,0
Stegobolus_wrightii,0
Thalloloma_anguinum,0
Thalloloma_hypoleptum,0
Thecaria_montagnei,0
Thecaria_quassiicola,0
Thelotrema_adjectum,0
Thelotrema_bicinctulum,0
Thelotrema_capetribulense,0
Thelotrema_conveniens,0
Thelotrema_defossum,0
Thelotrema_diplotrema,0
Thelotrema_gallowayanum,0
Thelotrema_gomezianum,0
Thelotrema_inturgescens,0
Thelotrema_jugale,0
Thelotrema_lacteum,0
Thelotrema_lepadinum,0
Thelotrema_lepadodes,0
Thelotrema_leucophthalmum,0
Thelotrema_macrosporum,0
Thelotrema_monospermum,0
Thelotrema_monosporoides,0
Thelotrema_monosporum,0
Thelotrema_myriocarpum,0
Thelotrema_nureliyum,0
Thelotrema_oculatum,0
Thelotrema_oleosum,0
Thelotrema_pachysporum,0
Thelotrema_porinaceum,0
Thelotrema_porinoides,0
Thelotrema_pseudosubtile,0
Thelotrema_rugatulum,0
Thelotrema_saxatile,0
Thelotrema_subtile,0
Thelotrema_suecicum,0
Thelotrema_trypethelioides,0
Thelotrema_vernicosum,0
Thelotrema_weberi,0
Topeliopsis_acutispora,0
Topeliopsis_darlingtonii,0
Topeliopsis_decorticans,0
Topeliopsis_elixii,0
Topeliopsis_muscigena,0
Topeliopsis_subdenticulata,0
Wirthiotrema_desquamans,0
Wirthiotrema_duplomarginatum,0
Wirthiotrema_glaucopallens,0
Wirthiotrema_trypaneoides,0
Redonographa_chilensis,0
Redonographa_saxiseda,0
Belonia_herculana,0
Belonia_russula,0
Gyalecta_fagicola,0
Gyalecta_flotowii,0
Gyalecta_friesii,0
Gyalecta_geoica,0
Gyalecta_herrei,0
Gyalecta_hypoleuca,0
Gyalecta_jenensis,0
Gyalecta_leucaspis,0
Gyalecta_thelotremella,0
Gyalecta_truncigena,0
Gyalecta_ulmi,0
Gyalidea_praetermissa,1
Coccomycetella_richardsonii,0
Odontotrema_phacidiellum,0
Odontotrema_phacidioides,0
Petractis_clausa,0
Petractis_luetkemuelleri,0
Petractis_nodispora,0
Phlyctis_agelaea,1
Phlyctis_argena,1
Myeloconis_fecunda,0
Porina_aenea,0
Porina_alba,0
Porina_atrocoerulea,0
Porina_byssophila,0
Porina_epiphylla,0
Porina_exocha,0
Porina_fusca,0
Porina_guianensis,0
Porina_internigrans,0
Porina_karnatakensis,0
Porina_lectissima,0
Porina_limbulata,0
Porina_lucida,0
Porina_mastoidea,0
Porina_mirabilis,0
Porina_nitidula,0
Porina_nucula,0
Porina_papillifera,0
Porina_radiata,0
Porina_repanda,0
Porina_rubentior,0
Porina_rubescens,0
Porina_rufula,0
Porina_simulans,0
Porina_subepiphylla,0
Porina_subnitidula,0
Trichothelium_annulatum,0
Trichothelium_epiphyllum,0
Trichothelium_pallidisetum,0
Rhexophiale_rhexoblephara,0
Sagiolechia_protuberans,0
Absconditella_lignicola,1
Absconditella_sphagnorum,1
Acarosporina_microspora,0
Bryodiscus_arctoalpinus,0
Carestiella_socia,0
Conotrema_stictideum,0
Cryptodiscus_foveolaris,0
Cryptodiscus_gloeocapsa,0
Cryptodiscus_incolor,0
Cryptodiscus_pallidus,0
Cryptodiscus_pini,0
Cryptodiscus_tabularum,0
Cyanodermella_viridula,0
Glomerobolus_gelineus,0
Ingvariella_bispora,0
Odontotrema_cassiopes,0
Odontotrema_diffindens,0
Ostropa_barbara,0
Schizoxylon_albescens,1
Sphaeropezia_lyckselensis,0
Sphaeropezia_mycoblasti,1
Sphaeropezia_ochrolechiae,1
Stictis_brunnescens,0
Stictis_confusa,0
Stictis_mollis,0
Stictis_populorum,1
Stictis_radiata,0
Stictis_urceolatum,1
Agyrium_rufum,0
Aspicilia_myrinii,1
Coccotrema_coccophorum,1
Coccotrema_cucurbitula,1
Coccotrema_maritimum,1
Coccotrema_pocillarium,1
Gyalectaria_diluta,1
Gyalectaria_gyalectoides,1
Gyalectaria_jamesii,1
Siphula_complanata,1
Siphula_elixii,1
Siphula_foliacea,1
Siphula_georginae,1
Chirleja_buckii,1
Dibaeis_absoluta,1
Dibaeis_baeomyces,1
Endocena_informis,1
Icmadophila_ericetorum,1
Icmadophila_japonica,1
Siphula_caracassana,1
Siphula_ceratites,1
Siphula_coriacea,1
Siphula_decumbens,1
Siphula_dissoluta,1
Siphula_fastigiata,1
Siphula_pickeringii,1
Siphula_polyschides,1
Siphula_pteruloides,1
Thamnolia_subuliformis,1
Thamnolia_vermicularis,1
Aspicilia_aquatica,1
Aspicilia_berntii,1
Aspicilia_caesiocinerea,1
Aspicilia_calcitrapa,1
Aspicilia_cinerea,1
Aspicilia_coronata,1
Aspicilia_cuprea,1
Aspicilia_cupreogrisea,1
Aspicilia_cyanescens,1
Aspicilia_dendroplaca,1
Aspicilia_desertorum,1
Aspicilia_dudinensis,1
Aspicilia_epiglypta,1
Aspicilia_farinosa,1
Aspicilia_fluviatilis,1
Aspicilia_gibbosa,1
Aspicilia_granulosa,1
Aspicilia_haeyrenii,1
Aspicilia_indissimilis,1
Aspicilia_laevata,1
Aspicilia_leprosescens,1
Aspicilia_mashiginensis,1
Aspicilia_mastrucata,1
Aspicilia_nikrapensis,1
Aspicilia_permutata,1
Aspicilia_prestensis,1
Aspicilia_rivulicola,1
Aspicilia_simoensis,1
Aspicilia_subdepressa,1
Aspicilia_subradians,1
Aspicilia_supertegens,1
Aspicilia_vagans,1
Aspicilia_verrucigera,1
Aspicilia_verruculosa,1
Aspicilia_virginea,1
Aspicilia_zonata,1
Circinaria_affinis,1
Circinaria_alpicola,1
Circinaria_arida,1
Circinaria_aschabadensis,1
Circinaria_calcarea,1
Circinaria_cerebroides,1
Circinaria_contorta,1
Circinaria_emiliae,1
Circinaria_esculenta,1
Circinaria_fruticulosa,1
Circinaria_gyrosa,1
Circinaria_hispida,1
Circinaria_jussuffii,1
Circinaria_lacunosa,1
Circinaria_rostamii,1
Circinaria_sphaerothallina,1
Lobothallia_alphoplaca,1
Lobothallia_cernohorskyana,1
Lobothallia_melanaspis,1
Lobothallia_praeradiosa,1
Lobothallia_radiosa,1
Lobothallia_recedens,1
Megaspora_rimisorediata,1
Megaspora_verrucosa,1
Microcalicium_ahlneri,1
Microcalicium_arenarium,1
Microcalicium_disseminatum,1
Miltidea_ceroplasta,1
Ochrolechia_androgyna,1
Ochrolechia_balcanica,1
Ochrolechia_frigida,1
Ochrolechia_juvenalis,1
Ochrolechia_microstictoides,1
Ochrolechia_oregonensis,1
Ochrolechia_pallescens,1
Ochrolechia_parella,1
Ochrolechia_peruensis,1
Ochrolechia_subpallescens,1
Ochrolechia_subviridis,1
Ochrolechia_szatalaensis,1
Ochrolechia_tartarea,1
Ochrolechia_trochophora,1
Ochrolechia_turneri,1
Ochrolechia_upsaliensis,1
Ochrolechia_yasudae,1
Loxosporopsis_corallifera,1
Pertusaria_alpina,1
Pertusaria_californica,1
Pertusaria_carneopallida,1
Pertusaria_cineraria,1
Pertusaria_coccodes,1
Pertusaria_coronata,1
Pertusaria_dehiscens,1
Pertusaria_flavicans,1
Pertusaria_flavicunda,1
Pertusaria_flavida,1
Pertusaria_gibberosa,1
Pertusaria_graphica,1
Pertusaria_hermaka,1
Pertusaria_hymenea,1
Pertusaria_kalelae,1
Pertusaria_lactescens,1
Pertusaria_laeviganda,1
Pertusaria_lecanina,1
Pertusaria_leioplaca,1
Pertusaria_mesotropa,1
Pertusaria_oculata,1
Pertusaria_paramerae,1
Pertusaria_pentelici,1
Pertusaria_pertusa,1
Pertusaria_plittiana,1
Pertusaria_pupillaris,1
Pertusaria_pustulata,1
Pertusaria_rhodiensis,1
Pertusaria_saximontana,1
Pertusaria_signyae,1
Pertusaria_subobductans,1
Pertusaria_subverrucosa,1
Pertusaria_tejocotensis,1
Pertusaria_variolosa,1
Pertusaria_werneriana,1
Pertusaria_xanthoplaca,1
Pertusaria_hemisphaerica,1
Pertusaria_lactea,1
Varicellaria_culbersonii,1
Varicellaria_rhodocarpa,1
Varicellaria_velata,1
Pertusaria_albescens,1
Pertusaria_amara,1
Pertusaria_aspergilla,1
Pertusaria_corallina,1
Pertusaria_corallophora,1
Pertusaria_dactylina,1
Pertusaria_erubescens,1
Pertusaria_erythrella,1
Pertusaria_excludens,1
Pertusaria_mammosa,1
Pertusaria_ophthalmiza,1
Pertusaria_panyrga,1
Pertusaria_scaberula,1
Pertusaria_subventosa,1
Pertusaria_trachythallina,1
Protothelenella_corrosa,1
Protothelenella_sphinctrinoidella,1
Loxospora_cismonica,1
Loxospora_elatina,1
Loxospora_lecanoriformis,1
Loxospora_ochrophaea,1
Schaereria_corticola,1
Schaereria_dolodes,1
Schaereria_fuscocinerea,1
Chromatochlamys_muscorum,1
Thelenella_antarctica,1
Thrombium_epigaeum,1
Lithographa_tesserata,1
Orceolina_antarctica,1
Orceolina_kerguelensis,1
Placopsis_argillacea,1
Placopsis_bicolor,1
Placopsis_contortuplicata,1
Placopsis_cribellans,1
Placopsis_gelida,1
Placopsis_lambii,1
Placopsis_macrophthalma,1
Placopsis_parellina,1
Placopsis_perrugosa,1
Placopsis_pycnotheca,1
Placopsis_rhodophthalma,1
Placopsis_stellata,1
Placopsis_subparellina,1
Placynthiella_icmalea,1
Placynthiella_oligotropha,1
Placynthiella_uliginosa,1
Rimularia_psephota,1
Thamnochrolechia_verticillata,1
Trapelia_chiodectonoides,1
Trapelia_coarctata,1
Trapelia_involuta,1
Trapelia_placodioides,1
Trapeliopsis_bisorediata,1
Trapeliopsis_californica,1
Trapeliopsis_flexuosa,1
Trapeliopsis_glaucolepidea,1
Trapeliopsis_granulosa,1
Trapeliopsis_percrenata,1
Trapeliopsis_pseudogranulosa,1
Trapeliopsis_steppicus,1
Trapeliopsis_viridescens,1
Trapeliopsis_wallrothii,1
Xylographa_isidiosa,1
Xylographa_opegraphella,1
Xylographa_parallela,1
Xylographa_trunciseda,1
Xylographa_vitiligo,1
Ropalospora_chloranta,1
Ropalospora_phaeoplaca,1
Elixia_flexella,1
Boreoplaca_ultrafrigida,1
Hypocenomyce_australis,1
Hypocenomyce_scalaris,1
Hypocenomyce_tinderryensis,1
Ophioparma_handelii,1
Ophioparma_lapponica,1
Ophioparma_ventosa,1
Fulgidea_oligospora,1
Fulgidea_sierrae,1
Lasallia_asiae_orientalis,1
Lasallia_hispanica,1
Lasallia_papulosa,1
Lasallia_pennsylvanica,1
Lasallia_pertusa,1
Lasallia_pustulata,1
Lasallia_rossica,1
Umbilicaria_africana,1
Umbilicaria_americana,1
Umbilicaria_angulata,1
Umbilicaria_antarctica,1
Umbilicaria_aprina,1
Umbilicaria_arctica,1
Umbilicaria_calvescens,1
Umbilicaria_caroliniana,1
Umbilicaria_cinereorufescens,1
Umbilicaria_crustulosa,1
Umbilicaria_cylindrica,1
Umbilicaria_decussata,1
Umbilicaria_dendrophora,1
Umbilicaria_deusta,1
Umbilicaria_dichroa,1
Umbilicaria_esculenta,1
Umbilicaria_flocculosa,1
Umbilicaria_grisea,1
Umbilicaria_haplocarpa,1
Umbilicaria_havaasii,1
Umbilicaria_hirsuta,1
Umbilicaria_hyperborea,1
Umbilicaria_iberica,1
Umbilicaria_kappenii,1
Umbilicaria_krascheninnikovii,1
Umbilicaria_leiocarpa,1
Umbilicaria_leprosa,1
Umbilicaria_loboperipherica,1
Umbilicaria_lyngei,1
Umbilicaria_maculata,1
Umbilicaria_mammulata,1
Umbilicaria_muehlenbergii,1
Umbilicaria_nylanderiana,1
Umbilicaria_phaea,1
Umbilicaria_polyphylla,1
Umbilicaria_polyrrhiza,1
Umbilicaria_proboscidea,1
Umbilicaria_rigida,1
Umbilicaria_ruebeliana,1
Umbilicaria_semitensis,1
Umbilicaria_spodochroa,1
Umbilicaria_subcalvescens,1
Umbilicaria_subglabra,1
Umbilicaria_thamnodes,1
Umbilicaria_torrefacta,1
Umbilicaria_umbilicarioides,1
Umbilicaria_vellea,1
Umbilicaria_virginis,1
Umbilicaria_yunnana,1
Xylopsora_caradocensis,1
Xylopsora_friesii,1